"Y","date"
22262,1
21756,1.00297619047619
22247,1.00595238095238
22759,1.00892857142857
22549,1.01190476190476
22313,1.01488095238095
22128,1.01785714285714
21860,1.02083333333333
21751,1.02380952380952
21336,1.02678571428571
21363,1.0297619047619
22176,1.0327380952381
24649,1.03571428571429
27466,1.03869047619048
31020,1.04166666666667
33529,1.04464285714286
35428,1.04761904761905
36034,1.05059523809524
36834,1.05357142857143
37296,1.05654761904762
37338,1.05952380952381
37608,1.0625
37692,1.06547619047619
37944,1.06845238095238
37880,1.07142857142857
37493,1.07440476190476
37065,1.07738095238095
36855,1.08035714285714
36871,1.08333333333333
36837,1.08630952380952
36603,1.08928571428571
36982,1.0922619047619
37369,1.0952380952381
37650,1.09821428571429
37413,1.10119047619048
36475,1.10416666666667
35486,1.10714285714286
34452,1.11011904761905
33704,1.11309523809524
32883,1.11607142857143
31940,1.11904761904762
32215,1.12202380952381
32572,1.125
32850,1.12797619047619
32251,1.13095238095238
30895,1.13392857142857
28460,1.13690476190476
26572,1.13988095238095
25093,1.14285714285714
24320,1.14583333333333
24684,1.14880952380952
25338,1.15178571428571
24943,1.1547619047619
24637,1.1577380952381
24424,1.16071428571429
24163,1.16369047619048
23943,1.16666666666667
23324,1.16964285714286
23412,1.17261904761905
24065,1.17559523809524
26035,1.17857142857143
28632,1.18154761904762
32023,1.18452380952381
34315,1.1875
35927,1.19047619047619
36367,1.19345238095238
37087,1.19642857142857
37184,1.19940476190476
37009,1.20238095238095
37212,1.20535714285714
37531,1.20833333333333
37890,1.21130952380952
37982,1.21428571428571
37540,1.2172619047619
37160,1.2202380952381
36920,1.22321428571429
37060,1.22619047619048
36930,1.22916666666667
36640,1.23214285714286
36910,1.23511904761905
37220,1.23809523809524
37530,1.24107142857143
37320,1.24404761904762
36331,1.24702380952381
35206,1.25
34203,1.25297619047619
33273,1.25595238095238
32376,1.25892857142857
31838,1.26190476190476
31211,1.26488095238095
31505,1.26785714285714
31838,1.27083333333333
32185,1.27380952380952
30881,1.27678571428571
28800,1.2797619047619
26833,1.2827380952381
25095,1.28571428571429
24437,1.28869047619048
24697,1.29166666666667
25259,1.29464285714286
25029,1.29761904761905
24806,1.30059523809524
24437,1.30357142857143
24279,1.30654761904762
23902,1.30952380952381
23418,1.3125
23424,1.31547619047619
24094,1.31845238095238
26039,1.32142857142857
28636,1.32440476190476
32034,1.32738095238095
34235,1.33035714285714
35694,1.33333333333333
35978,1.33630952380952
36475,1.33928571428571
36675,1.3422619047619
36720,1.3452380952381
36842,1.34821428571429
36890,1.35119047619048
36917,1.35416666666667
36854,1.35714285714286
36525,1.36011904761905
36431,1.36309523809524
36212,1.36607142857143
36061,1.36904761904762
35931,1.37202380952381
35835,1.375
36148,1.37797619047619
36523,1.38095238095238
36859,1.38392857142857
36731,1.38690476190476
35804,1.38988095238095
34721,1.39285714285714
34035,1.39583333333333
33234,1.39880952380952
32532,1.40178571428571
31474,1.4047619047619
31957,1.4077380952381
32500,1.41071428571429
32586,1.41369047619048
31917,1.41666666666667
30636,1.41964285714286
28705,1.42261904761905
26707,1.42559523809524
25092,1.42857142857143
24412,1.43154761904762
24714,1.43452380952381
25079,1.4375
24904,1.44047619047619
24380,1.44345238095238
24009,1.44642857142857
23913,1.44940476190476
23657,1.45238095238095
23262,1.45535714285714
23283,1.45833333333333
23870,1.46130952380952
26001,1.46428571428571
28448,1.4672619047619
31876,1.4702380952381
34363,1.47321428571429
35819,1.47619047619048
36295,1.47916666666667
36949,1.48214285714286
37095,1.48511904761905
37086,1.48809523809524
37520,1.49107142857143
37540,1.49404761904762
37671,1.49702380952381
37695,1.5
37314,1.50297619047619
37113,1.50595238095238
36796,1.50892857142857
36705,1.51190476190476
36634,1.51488095238095
36357,1.51785714285714
36664,1.52083333333333
37020,1.52380952380952
37152,1.52678571428571
36836,1.5297619047619
36008,1.5327380952381
34981,1.53571428571429
34265,1.53869047619048
33385,1.54166666666667
32477,1.54464285714286
31966,1.54761904761905
31402,1.55059523809524
31703,1.55357142857143
32192,1.55654761904762
32322,1.55952380952381
30972,1.5625
28910,1.56547619047619
26992,1.56845238095238
25324,1.57142857142857
24684,1.57440476190476
24893,1.57738095238095
25092,1.58035714285714
24751,1.58333333333333
24238,1.58630952380952
23906,1.58928571428571
23755,1.5922619047619
23625,1.5952380952381
23027,1.59821428571429
23097,1.60119047619048
23692,1.60416666666667
25936,1.60714285714286
28501,1.61011904761905
31838,1.61309523809524
34308,1.61607142857143
36305,1.61904761904762
36743,1.62202380952381
37705,1.625
37980,1.62797619047619
38084,1.63095238095238
38379,1.63392857142857
38526,1.63690476190476
38429,1.63988095238095
38344,1.64285714285714
37785,1.64583333333333
37495,1.64880952380952
37190,1.65178571428571
37010,1.6547619047619
36641,1.6577380952381
36296,1.66071428571429
36309,1.66369047619048
36532,1.66666666666667
36662,1.66964285714286
36229,1.67261904761905
35321,1.67559523809524
34409,1.67857142857143
33425,1.68154761904762
32708,1.68452380952381
31460,1.6875
30955,1.69047619047619
30274,1.69345238095238
30302,1.69642857142857
30427,1.69940476190476
30154,1.70238095238095
29311,1.70535714285714
27699,1.70833333333333
26213,1.71130952380952
24756,1.71428571428571
23847,1.7172619047619
23917,1.7202380952381
23989,1.72321428571429
23555,1.72619047619048
23026,1.72916666666667
22668,1.73214285714286
22451,1.73511904761905
21969,1.73809523809524
21212,1.74107142857143
20978,1.74404761904762
21155,1.74702380952381
22370,1.75
23537,1.75297619047619
25210,1.75595238095238
26961,1.75892857142857
28770,1.76190476190476
29915,1.76488095238095
30895,1.76785714285714
31273,1.77083333333333
31390,1.77380952380952
31287,1.77678571428571
31163,1.7797619047619
30811,1.7827380952381
30310,1.78571428571429
29767,1.78869047619048
29016,1.79166666666667
28374,1.79464285714286
28064,1.79761904761905
27599,1.80059523809524
27338,1.80357142857143
27156,1.80654761904762
27355,1.80952380952381
27860,1.8125
28315,1.81547619047619
28396,1.81845238095238
27932,1.82142857142857
27776,1.82440476190476
27520,1.82738095238095
27026,1.83035714285714
26649,1.83333333333333
26343,1.83630952380952
26487,1.83928571428571
27219,1.8422619047619
27384,1.8452380952381
26680,1.84821428571429
25658,1.85119047619048
24258,1.85416666666667
22864,1.85714285714286
21998,1.86011904761905
22165,1.86309523809524
22308,1.86607142857143
21863,1.86904761904762
21439,1.87202380952381
21067,1.875
20781,1.87797619047619
20389,1.88095238095238
19663,1.88392857142857
19305,1.88690476190476
19410,1.88988095238095
20079,1.89285714285714
20701,1.89583333333333
21639,1.89880952380952
22722,1.90178571428571
24046,1.9047619047619
25150,1.9077380952381
26285,1.91071428571429
27420,1.91369047619048
28438,1.91666666666667
28770,1.91964285714286
29309,1.92261904761905
29586,1.92559523809524
29721,1.92857142857143
29598,1.93154761904762
28776,1.93452380952381
28008,1.9375
27487,1.94047619047619
27272,1.94345238095238
27091,1.94642857142857
27156,1.94940476190476
27190,1.95238095238095
27461,1.95535714285714
27722,1.95833333333333
27583,1.96130952380952
27575,1.96428571428571
27512,1.9672619047619
27603,1.9702380952381
27155,1.97321428571429
27250,1.97619047619048
27200,1.97916666666667
27798,1.98214285714286
28487,1.98511904761905
28691,1.98809523809524
27260,1.99107142857143
25371,1.99404761904762
23689,1.99702380952381
22454,2
21818,2.00297619047619
22002,2.00595238095238
22516,2.00892857142857
22292,2.01190476190476
21935,2.01488095238095
21683,2.01785714285714
21656,2.02083333333333
21481,2.02380952380952
21140,2.02678571428571
21308,2.02976190476191
22138,2.0327380952381
24699,2.03571428571429
27366,2.03869047619048
30973,2.04166666666667
33497,2.04464285714286
35192,2.04761904761905
35624,2.05059523809524
36444,2.05357142857143
36903,2.05654761904762
36944,2.05952380952381
37223,2.0625
37345,2.06547619047619
37710,2.06845238095238
37641,2.07142857142857
37391,2.07440476190476
37116,2.07738095238095
37017,2.08035714285714
37024,2.08333333333333
36882,2.08630952380952
36605,2.08928571428571
36861,2.09226190476191
37241,2.0952380952381
37550,2.09821428571429
37215,2.10119047619048
36203,2.10416666666667
35035,2.10714285714286
34112,2.11011904761905
33482,2.11309523809524
32349,2.11607142857143
31186,2.11904761904762
30920,2.12202380952381
30270,2.125
31869,2.12797619047619
31651,2.13095238095238
30821,2.13392857142857
28528,2.13690476190476
26675,2.13988095238095
25129,2.14285714285714
24425,2.14583333333333
24538,2.14880952380952
24577,2.15178571428571
24215,2.15476190476191
24012,2.1577380952381
23723,2.16071428571429
23546,2.16369047619048
23379,2.16666666666667
22857,2.16964285714286
22939,2.17261904761905
23464,2.17559523809524
25734,2.17857142857143
28240,2.18154761904762
31600,2.18452380952381
34011,2.1875
35567,2.19047619047619
35946,2.19345238095238
36733,2.19642857142857
36963,2.19940476190476
37009,2.20238095238095
37100,2.20535714285714
37265,2.20833333333333
37478,2.21130952380952
37462,2.21428571428571
37040,2.21726190476191
36778,2.2202380952381
36679,2.22321428571429
36570,2.22619047619048
36509,2.22916666666667
36433,2.23214285714286
36730,2.23511904761905
37125,2.23809523809524
37359,2.24107142857143
36995,2.24404761904762
36149,2.24702380952381
34845,2.25
33986,2.25297619047619
33353,2.25595238095238
32595,2.25892857142857
31833,2.26190476190476
31382,2.26488095238095
31264,2.26785714285714
31805,2.27083333333333
32067,2.27380952380952
30723,2.27678571428571
28736,2.27976190476191
26800,2.2827380952381
25296,2.28571428571429
24612,2.28869047619048
24614,2.29166666666667
24699,2.29464285714286
24358,2.29761904761905
23930,2.30059523809524
23690,2.30357142857143
23720,2.30654761904762
23472,2.30952380952381
23233,2.3125
23376,2.31547619047619
23913,2.31845238095238
26027,2.32142857142857
28641,2.32440476190476
32093,2.32738095238095
34598,2.33035714285714
36118,2.33333333333333
36505,2.33630952380952
37295,2.33928571428571
37562,2.34226190476191
37546,2.3452380952381
37734,2.34821428571429
38071,2.35119047619048
38204,2.35416666666667
38233,2.35714285714286
37710,2.36011904761905
37459,2.36309523809524
37224,2.36607142857143
37208,2.36904761904762
36962,2.37202380952381
36837,2.375
37151,2.37797619047619
37602,2.38095238095238
38055,2.38392857142857
37780,2.38690476190476
36832,2.38988095238095
35861,2.39285714285714
35202,2.39583333333333
34347,2.39880952380952
33562,2.40178571428571
32860,2.40476190476191
32606,2.4077380952381
32578,2.41071428571429
32552,2.41369047619048
32256,2.41666666666667
30893,2.41964285714286
28956,2.42261904761905
26926,2.42559523809524
25339,2.42857142857143
24677,2.43154761904762
24774,2.43452380952381
24932,2.4375
24615,2.44047619047619
24244,2.44345238095238
23962,2.44642857142857
23970,2.44940476190476
23624,2.45238095238095
23113,2.45535714285714
23221,2.45833333333333
23940,2.46130952380952
26205,2.46428571428571
28582,2.46726190476191
32017,2.4702380952381
34569,2.47321428571429
36166,2.47619047619048
36510,2.47916666666667
37250,2.48214285714286
37372,2.48511904761905
37318,2.48809523809524
37333,2.49107142857143
37611,2.49404761904762
37736,2.49702380952381
37756,2.5
37275,2.50297619047619
37010,2.50595238095238
36926,2.50892857142857
36837,2.51190476190476
36726,2.51488095238095
36449,2.51785714285714
36734,2.52083333333333
37067,2.52380952380952
37174,2.52678571428571
36824,2.52976190476191
35980,2.5327380952381
34953,2.53571428571429
34235,2.53869047619048
33350,2.54166666666667
32664,2.54464285714286
31923,2.54761904761905
31603,2.55059523809524
31736,2.55357142857143
32134,2.55654761904762
31993,2.55952380952381
30956,2.5625
28861,2.56547619047619
27012,2.56845238095238
25267,2.57142857142857
24560,2.57440476190476
24415,2.57738095238095
24490,2.58035714285714
24057,2.58333333333333
23680,2.58630952380952
23440,2.58928571428571
23432,2.59226190476191
23184,2.5952380952381
22774,2.59821428571429
22930,2.60119047619048
23579,2.60416666666667
25821,2.60714285714286
28193,2.61011904761905
31647,2.61309523809524
34117,2.61607142857143
35590,2.61904761904762
36167,2.62202380952381
36741,2.625
36768,2.62797619047619
36783,2.63095238095238
36991,2.63392857142857
37115,2.63690476190476
37224,2.63988095238095
37439,2.64285714285714
36822,2.64583333333333
36375,2.64880952380952
36126,2.65178571428571
35805,2.65476190476191
35478,2.6577380952381
35161,2.66071428571429
35123,2.66369047619048
35226,2.66666666666667
35435,2.66964285714286
35062,2.67261904761905
34357,2.67559523809524
33239,2.67857142857143
32583,2.68154761904762
31586,2.68452380952381
30604,2.6875
30091,2.69047619047619
29610,2.69345238095238
29462,2.69642857142857
29893,2.69940476190476
30100,2.70238095238095
29071,2.70535714285714
27660,2.70833333333333
26242,2.71130952380952
24618,2.71428571428571
23740,2.71726190476191
23600,2.7202380952381
23350,2.72321428571429
22870,2.72619047619048
22390,2.72916666666667
22082,2.73214285714286
21823,2.73511904761905
21548,2.73809523809524
20867,2.74107142857143
20671,2.74404761904762
20948,2.74702380952381
22106,2.75
23295,2.75297619047619
25222,2.75595238095238
27075,2.75892857142857
28876,2.76190476190476
30152,2.76488095238095
31325,2.76785714285714
31720,2.77083333333333
31770,2.77380952380952
31694,2.77678571428571
31507,2.77976190476191
31267,2.7827380952381
30679,2.78571428571429
30227,2.78869047619048
29601,2.79166666666667
29002,2.79464285714286
28670,2.79761904761905
28308,2.80059523809524
28101,2.80357142857143
28074,2.80654761904762
28364,2.80952380952381
28772,2.8125
29191,2.81547619047619
29118,2.81845238095238
28661,2.82142857142857
28005,2.82440476190476
27536,2.82738095238095
26823,2.83035714285714
25958,2.83333333333333
25897,2.83630952380952
25390,2.83928571428571
26690,2.84226190476191
27855,2.8452380952381
27276,2.84821428571429
26136,2.85119047619048
24839,2.85416666666667
23579,2.85714285714286
22570,2.86011904761905
22269,2.86309523809524
21878,2.86607142857143
21405,2.86904761904762
21024,2.87202380952381
20766,2.875
20541,2.87797619047619
20232,2.88095238095238
19485,2.88392857142857
19279,2.88690476190476
19342,2.88988095238095
19895,2.89285714285714
20744,2.89583333333333
21849,2.89880952380952
23073,2.90178571428571
24670,2.90476190476191
25975,2.9077380952381
27186,2.91071428571429
27996,2.91369047619048
28736,2.91666666666667
28957,2.91964285714286
29271,2.92261904761905
29490,2.92559523809524
29371,2.92857142857143
29068,2.93154761904762
28394,2.93452380952381
27685,2.9375
27330,2.94047619047619
27130,2.94345238095238
26901,2.94642857142857
26873,2.94940476190476
26930,2.95238095238095
27084,2.95535714285714
27216,2.95833333333333
27139,2.96130952380952
27040,2.96428571428571
26990,2.96726190476191
27063,2.9702380952381
27059,2.97321428571429
26716,2.97619047619048
26960,2.97916666666667
27133,2.98214285714286
27954,2.98511904761905
28947,2.98809523809524
28247,2.99107142857143
26477,2.99404761904762
24635,2.99702380952381
23168,3
22498,3.00297619047619
22272,3.00595238095238
22291,3.00892857142857
22054,3.01190476190476
21737,3.01488095238095
21774,3.01785714285714
21654,3.02083333333333
21462,3.02380952380952
21173,3.02678571428571
21521,3.02976190476191
22334,3.0327380952381
24897,3.03571428571429
27609,3.03869047619048
31136,3.04166666666667
33625,3.04464285714286
35517,3.04761904761905
36628,3.05059523809524
37545,3.05357142857143
37995,3.05654761904762
38086,3.05952380952381
38389,3.0625
38715,3.06547619047619
38777,3.06845238095238
38699,3.07142857142857
38307,3.07440476190476
37894,3.07738095238095
37832,3.08035714285714
37717,3.08333333333333
37563,3.08630952380952
37294,3.08928571428571
37604,3.09226190476191
37640,3.0952380952381
37584,3.09821428571429
37196,3.10119047619048
36090,3.10416666666667
35053,3.10714285714286
34283,3.11011904761905
33378,3.11309523809524
32754,3.11607142857143
31904,3.11904761904762
31817,3.12202380952381
31795,3.125
32467,3.12797619047619
32401,3.13095238095238
31574,3.13392857142857
29600,3.13690476190476
27540,3.13988095238095
25752,3.14285714285714
25196,3.14583333333333
24938,3.14880952380952
24740,3.15178571428571
24465,3.15476190476191
24187,3.1577380952381
23923,3.16071428571429
23837,3.16369047619048
23611,3.16666666666667
23198,3.16964285714286
23350,3.17261904761905
23994,3.17559523809524
26223,3.17857142857143
28568,3.18154761904762
31749,3.18452380952381
34325,3.1875
35968,3.19047619047619
36745,3.19345238095238
37427,3.19642857142857
37718,3.19940476190476
37880,3.20238095238095
38206,3.20535714285714
38488,3.20833333333333
38657,3.21130952380952
38762,3.21428571428571
38230,3.21726190476191
37990,3.2202380952381
37673,3.22321428571429
37673,3.22619047619048
37530,3.22916666666667
37455,3.23214285714286
37622,3.23511904761905
37993,3.23809523809524
38264,3.24107142857143
37712,3.24404761904762
36707,3.24702380952381
35667,3.25
34737,3.25297619047619
33728,3.25595238095238
32967,3.25892857142857
31725,3.26190476190476
31408,3.26488095238095
30991,3.26785714285714
31696,3.27083333333333
32234,3.27380952380952
30990,3.27678571428571
28949,3.27976190476191
26904,3.2827380952381
25308,3.28571428571429
24764,3.28869047619048
24417,3.29166666666667
24377,3.29464285714286
23924,3.29761904761905
23583,3.30059523809524
23373,3.30357142857143
23398,3.30654761904762
23322,3.30952380952381
23038,3.3125
22992,3.31547619047619
23673,3.31845238095238
25741,3.32142857142857
28276,3.32440476190476
31602,3.32738095238095
34031,3.33035714285714
35538,3.33333333333333
36017,3.33630952380952
36993,3.33928571428571
37420,3.34226190476191
37409,3.3452380952381
37412,3.34821428571429
37547,3.35119047619048
37664,3.35416666666667
37564,3.35714285714286
37271,3.36011904761905
36915,3.36309523809524
36791,3.36607142857143
36625,3.36904761904762
36357,3.37202380952381
36265,3.375
36582,3.37797619047619
37072,3.38095238095238
37238,3.38392857142857
36884,3.38690476190476
35890,3.38988095238095
34723,3.39285714285714
33724,3.39583333333333
32888,3.39880952380952
32110,3.40178571428571
31263,3.40476190476191
30907,3.4077380952381
30953,3.41071428571429
31413,3.41369047619048
31264,3.41666666666667
30239,3.41964285714286
28562,3.42261904761905
26606,3.42559523809524
24808,3.42857142857143
24126,3.43154761904762
23858,3.43452380952381
23809,3.4375
23535,3.44047619047619
23123,3.44345238095238
23025,3.44642857142857
22977,3.44940476190476
22759,3.45238095238095
22478,3.45535714285714
22584,3.45833333333333
23160,3.46130952380952
25369,3.46428571428571
27933,3.46726190476191
31222,3.4702380952381
33533,3.47321428571429
35135,3.47619047619048
35717,3.47916666666667
36555,3.48214285714286
36843,3.48511904761905
36885,3.48809523809524
37138,3.49107142857143
37311,3.49404761904762
37550,3.49702380952381
37619,3.5
37199,3.50297619047619
36951,3.50595238095238
36844,3.50892857142857
36785,3.51190476190476
36624,3.51488095238095
36350,3.51785714285714
36614,3.52083333333333
37167,3.52380952380952
37388,3.52678571428571
36880,3.52976190476191
36185,3.5327380952381
35197,3.53571428571429
34300,3.53869047619048
33586,3.54166666666667
32645,3.54464285714286
32269,3.54761904761905
31671,3.55059523809524
31998,3.55357142857143
31890,3.55654761904762
31643,3.55952380952381
30227,3.5625
28309,3.56547619047619
26457,3.56845238095238
24818,3.57142857142857
23982,3.57440476190476
23887,3.57738095238095
23898,3.58035714285714
23618,3.58333333333333
23263,3.58630952380952
22987,3.58928571428571
22990,3.59226190476191
22764,3.5952380952381
22399,3.59821428571429
22589,3.60119047619048
23219,3.60416666666667
25275,3.60714285714286
27918,3.61011904761905
31219,3.61309523809524
33642,3.61607142857143
35220,3.61904761904762
35757,3.62202380952381
36569,3.625
36876,3.62797619047619
36928,3.63095238095238
37087,3.63392857142857
37191,3.63690476190476
37439,3.63988095238095
37385,3.64285714285714
36914,3.64583333333333
36253,3.64880952380952
35983,3.65178571428571
35707,3.65476190476191
35269,3.6577380952381
34879,3.66071428571429
34885,3.66369047619048
35075,3.66666666666667
35346,3.66964285714286
35131,3.67261904761905
34313,3.67559523809524
33544,3.67857142857143
32824,3.68154761904762
32102,3.68452380952381
31035,3.6875
30421,3.69047619047619
30052,3.69345238095238
30107,3.69642857142857
30249,3.69940476190476
30060,3.70238095238095
28893,3.70535714285714
27258,3.70833333333333
25692,3.71130952380952
24039,3.71428571428571
23381,3.71726190476191
23128,3.7202380952381
23016,3.72321428571429
22516,3.72619047619048
22196,3.72916666666667
21834,3.73214285714286
21720,3.73511904761905
21384,3.73809523809524
20703,3.74107142857143
20462,3.74404761904762
20707,3.74702380952381
21880,3.75
23026,3.75297619047619
24656,3.75595238095238
26407,3.75892857142857
28200,3.76190476190476
29479,3.76488095238095
30652,3.76785714285714
31175,3.77083333333333
31370,3.77380952380952
31497,3.77678571428571
31436,3.77976190476191
31377,3.7827380952381
30833,3.78571428571429
30254,3.78869047619048
29571,3.79166666666667
28827,3.79464285714286
28635,3.79761904761905
28406,3.80059523809524
28136,3.80357142857143
28065,3.80654761904762
28262,3.80952380952381
28945,3.8125
29254,3.81547619047619
29355,3.81845238095238
29091,3.82142857142857
28699,3.82440476190476
28218,3.82738095238095
27876,3.83035714285714
27371,3.83333333333333
26955,3.83630952380952
26786,3.83928571428571
27440,3.84226190476191
27474,3.8452380952381
26648,3.84821428571429
25523,3.85119047619048
24304,3.85416666666667
22914,3.85714285714286
22095,3.86011904761905
21902,3.86309523809524
21947,3.86607142857143
21516,3.86904761904762
21077,3.87202380952381
20723,3.875
20501,3.87797619047619
20234,3.88095238095238
19590,3.88392857142857
19194,3.88690476190476
19374,3.88988095238095
19962,3.89285714285714
20551,3.89583333333333
21558,3.89880952380952
22652,3.90178571428571
23820,3.90476190476191
25012,3.9077380952381
26294,3.91071428571429
27372,3.91369047619048
28278,3.91666666666667
28957,3.91964285714286
29437,3.92261904761905
29743,3.92559523809524
30032,3.92857142857143
29798,3.93154761904762
28856,3.93452380952381
28128,3.9375
27602,3.94047619047619
27416,3.94345238095238
27185,3.94642857142857
26997,3.94940476190476
27165,3.95238095238095
27555,3.95535714285714
27727,3.95833333333333
27887,3.96130952380952
27803,3.96428571428571
27657,3.96726190476191
27749,3.9702380952381
27593,3.97321428571429
27626,3.97619047619048
27495,3.97916666666667
27509,3.98214285714286
27996,3.98511904761905
28413,3.98809523809524
27306,3.99107142857143
25514,3.99404761904762
23667,3.99702380952381
22428,4
21687,4.00297619047619
21865,4.00595238095238
21984,4.00892857142857
21701,4.01190476190476
21514,4.01488095238095
21395,4.01785714285714
21224,4.02083333333333
21188,4.02380952380952
20759,4.02678571428571
20948,4.02976190476191
21826,4.03273809523809
24283,4.03571428571429
26965,4.03869047619048
30507,4.04166666666667
33060,4.04464285714286
34783,4.04761904761905
35322,4.05059523809524
36130,4.05357142857143
36494,4.05654761904762
36593,4.05952380952381
36826,4.0625
36985,4.06547619047619
37098,4.06845238095238
37200,4.07142857142857
36654,4.07440476190476
36464,4.07738095238095
36257,4.08035714285714
36157,4.08333333333333
36098,4.08630952380952
35959,4.08928571428571
36207,4.09226190476191
36559,4.09523809523809
36790,4.09821428571429
36577,4.10119047619048
35727,4.10416666666667
34602,4.10714285714286
33578,4.11011904761905
32714,4.11309523809524
31926,4.11607142857143
31142,4.11904761904762
30833,4.12202380952381
31109,4.125
31310,4.12797619047619
31236,4.13095238095238
30184,4.13392857142857
28147,4.13690476190476
26299,4.13988095238095
24702,4.14285714285714
23875,4.14583333333333
23785,4.14880952380952
23876,4.15178571428571
23658,4.15476190476191
23346,4.15773809523809
23059,4.16071428571429
23039,4.16369047619048
22859,4.16666666666667
22414,4.16964285714286
22518,4.17261904761905
23241,4.17559523809524
25541,4.17857142857143
28017,4.18154761904762
31278,4.18452380952381
33530,4.1875
35240,4.19047619047619
35783,4.19345238095238
36372,4.19642857142857
36610,4.19940476190476
36651,4.20238095238095
36835,4.20535714285714
37248,4.20833333333333
37128,4.21130952380952
37230,4.21428571428571
36841,4.21726190476191
36529,4.22023809523809
36500,4.22321428571429
36445,4.22619047619048
36348,4.22916666666667
36152,4.23214285714286
36282,4.23511904761905
36853,4.23809523809524
37137,4.24107142857143
36844,4.24404761904762
35875,4.24702380952381
34589,4.25
33987,4.25297619047619
32959,4.25595238095238
32015,4.25892857142857
31847,4.26190476190476
31404,4.26488095238095
31501,4.26785714285714
31824,4.27083333333333
31759,4.27380952380952
30395,4.27678571428571
28511,4.27976190476191
26709,4.28273809523809
24940,4.28571428571429
24165,4.28869047619048
24078,4.29166666666667
24101,4.29464285714286
23755,4.29761904761905
23378,4.30059523809524
23122,4.30357142857143
23155,4.30654761904762
22902,4.30952380952381
22598,4.3125
22661,4.31547619047619
23335,4.31845238095238
25540,4.32142857142857
28023,4.32440476190476
31383,4.32738095238095
33907,4.33035714285714
35592,4.33333333333333
36022,4.33630952380952
36643,4.33928571428571
36976,4.34226190476191
36985,4.34523809523809
37123,4.34821428571429
37144,4.35119047619048
37385,4.35416666666667
37334,4.35714285714286
36914,4.36011904761905
36630,4.36309523809524
36433,4.36607142857143
36461,4.36904761904762
36246,4.37202380952381
36131,4.375
36534,4.37797619047619
37099,4.38095238095238
37346,4.38392857142857
37098,4.38690476190476
36145,4.38988095238095
34997,4.39285714285714
34342,4.39583333333333
33431,4.39880952380952
33088,4.40178571428571
32201,4.40476190476191
32185,4.40773809523809
31966,4.41071428571429
32214,4.41369047619048
31736,4.41666666666667
30325,4.41964285714286
28319,4.42261904761905
26480,4.42559523809524
24966,4.42857142857143
24194,4.43154761904762
24143,4.43452380952381
24020,4.4375
23750,4.44047619047619
23398,4.44345238095238
23179,4.44642857142857
23197,4.44940476190476
23163,4.45238095238095
22808,4.45535714285714
22887,4.45833333333333
23495,4.46130952380952
25600,4.46428571428571
28064,4.46726190476191
31494,4.47023809523809
33985,4.47321428571429
35754,4.47619047619048
35972,4.47916666666667
36855,4.48214285714286
37135,4.48511904761905
37159,4.48809523809524
37282,4.49107142857143
37347,4.49404761904762
37408,4.49702380952381
37444,4.5
37066,4.50297619047619
36874,4.50595238095238
36696,4.50892857142857
36707,4.51190476190476
36456,4.51488095238095
36362,4.51785714285714
36506,4.52083333333333
36831,4.52380952380952
37268,4.52678571428571
36851,4.52976190476191
36027,4.53273809523809
34950,4.53571428571429
34149,4.53869047619048
33515,4.54166666666667
32938,4.54464285714286
32777,4.54761904761905
32443,4.55059523809524
32620,4.55357142857143
32453,4.55654761904762
31486,4.55952380952381
30006,4.5625
28139,4.56547619047619
26396,4.56845238095238
24714,4.57142857142857
24047,4.57440476190476
24050,4.57738095238095
24083,4.58035714285714
23671,4.58333333333333
23354,4.58630952380952
22935,4.58928571428571
23009,4.59226190476191
23004,4.59523809523809
22721,4.59821428571429
22911,4.60119047619048
23404,4.60416666666667
25429,4.60714285714286
27965,4.61011904761905
31283,4.61309523809524
33772,4.61607142857143
35443,4.61904761904762
35929,4.62202380952381
36898,4.625
37272,4.62797619047619
37270,4.63095238095238
37363,4.63392857142857
37445,4.63690476190476
37550,4.63988095238095
37543,4.64285714285714
36995,4.64583333333333
36620,4.64880952380952
36032,4.65178571428571
35843,4.65476190476191
35606,4.6577380952381
35131,4.66071428571429
35079,4.66369047619048
35341,4.66666666666667
35546,4.66964285714286
35305,4.67261904761905
34459,4.67559523809524
33526,4.67857142857143
32835,4.68154761904762
32000,4.68452380952381
31136,4.6875
30696,4.69047619047619
30054,4.69345238095238
29993,4.69642857142857
30178,4.69940476190476
29786,4.70238095238095
28757,4.70535714285714
27433,4.70833333333333
25781,4.71130952380952
24272,4.71428571428571
23520,4.71726190476191
23361,4.7202380952381
23268,4.72321428571429
22677,4.72619047619048
22324,4.72916666666667
21853,4.73214285714286
21854,4.73511904761905
21574,4.73809523809524
21078,4.74107142857143
20827,4.74404761904762
21003,4.74702380952381
22034,4.75
23208,4.75297619047619
24792,4.75595238095238
26592,4.75892857142857
28313,4.76190476190476
29687,4.76488095238095
30737,4.76785714285714
31531,4.77083333333333
31785,4.77380952380952
31805,4.77678571428571
31710,4.77976190476191
31593,4.7827380952381
31228,4.78571428571429
30907,4.78869047619048
30011,4.79166666666667
29356,4.79464285714286
28974,4.79761904761905
28618,4.80059523809524
28268,4.80357142857143
28292,4.80654761904762
28518,4.80952380952381
29006,4.8125
29463,4.81547619047619
29508,4.81845238095238
29035,4.82142857142857
28476,4.82440476190476
28005,4.82738095238095
27658,4.83035714285714
26955,4.83333333333333
26327,4.83630952380952
26569,4.83928571428571
27221,4.84226190476191
27427,4.8452380952381
26845,4.84821428571429
25780,4.85119047619048
24384,4.85416666666667
23084,4.85714285714286
22221,4.86011904761905
22108,4.86309523809524
21854,4.86607142857143
21401,4.86904761904762
21023,4.87202380952381
20711,4.875
20569,4.87797619047619
20217,4.88095238095238
19687,4.88392857142857
19391,4.88690476190476
19433,4.88988095238095
20108,4.89285714285714
20674,4.89583333333333
21676,4.89880952380952
22689,4.90178571428572
24104,4.90476190476191
25283,4.9077380952381
26606,4.91071428571429
27556,4.91369047619048
28707,4.91666666666667
29415,4.91964285714286
29983,4.92261904761905
30335,4.92559523809524
30650,4.92857142857143
30474,4.93154761904762
29654,4.93452380952381
28741,4.9375
28299,4.94047619047619
27957,4.94345238095238
28013,4.94642857142857
27779,4.94940476190476
27966,4.95238095238095
28383,4.95535714285714
28508,4.95833333333333
28442,4.96130952380952
28272,4.96428571428572
28345,4.96726190476191
28120,4.9702380952381
27929,4.97321428571429
27848,4.97619047619048
27868,4.97916666666667
28378,4.98214285714286
29042,4.98511904761905
28948,4.98809523809524
27699,4.99107142857143
25889,4.99404761904762
24053,4.99702380952381
22627,5
21979,5.00297619047619
22025,5.00595238095238
22158,5.00892857142857
21906,5.01190476190476
21615,5.01488095238095
21366,5.01785714285714
21327,5.02083333333333
21257,5.02380952380952
21032,5.02678571428571
21261,5.02976190476191
22085,5.0327380952381
24437,5.03571428571429
27187,5.03869047619048
30833,5.04166666666667
33448,5.04464285714286
35245,5.04761904761905
35900,5.05059523809524
36798,5.05357142857143
37251,5.05654761904762
37335,5.05952380952381
37677,5.0625
37887,5.06547619047619
38066,5.06845238095238
38091,5.07142857142857
37784,5.07440476190476
37622,5.07738095238095
37408,5.08035714285714
37354,5.08333333333333
37172,5.08630952380952
36995,5.08928571428571
37311,5.09226190476191
37693,5.0952380952381
37887,5.09821428571429
37446,5.10119047619048
36451,5.10416666666667
35267,5.10714285714286
34434,5.11011904761905
33733,5.11309523809524
32812,5.11607142857143
32061,5.11904761904762
32089,5.12202380952381
32345,5.125
32564,5.12797619047619
32096,5.13095238095238
30702,5.13392857142857
28412,5.13690476190476
26445,5.13988095238095
24933,5.14285714285714
24205,5.14583333333333
24262,5.14880952380952
24154,5.15178571428571
23786,5.15476190476191
23431,5.1577380952381
23268,5.16071428571429
23290,5.16369047619048
23166,5.16666666666667
22943,5.16964285714286
23042,5.17261904761905
23492,5.17559523809524
25723,5.17857142857143
28273,5.18154761904762
31617,5.18452380952381
34140,5.1875
35901,5.19047619047619
36473,5.19345238095238
37122,5.19642857142857
37559,5.19940476190476
37703,5.20238095238095
37933,5.20535714285714
38059,5.20833333333333
38274,5.21130952380952
38303,5.21428571428571
37876,5.21726190476191
37688,5.2202380952381
37414,5.22321428571429
37312,5.22619047619048
37234,5.22916666666667
37086,5.23214285714286
37421,5.23511904761905
37923,5.23809523809524
38363,5.24107142857143
38127,5.24404761904762
37433,5.24702380952381
36363,5.25
35617,5.25297619047619
34829,5.25595238095238
34036,5.25892857142857
33520,5.26190476190476
33163,5.26488095238095
33322,5.26785714285714
32823,5.27083333333333
32221,5.27380952380952
30611,5.27678571428571
28724,5.27976190476191
26678,5.2827380952381
25050,5.28571428571429
24246,5.28869047619048
24305,5.29166666666667
24317,5.29464285714286
24019,5.29761904761905
23684,5.30059523809524
23449,5.30357142857143
23430,5.30654761904762
23282,5.30952380952381
23111,5.3125
23102,5.31547619047619
23612,5.31845238095238
25812,5.32142857142857
28246,5.32440476190476
31571,5.32738095238095
33923,5.33035714285714
35446,5.33333333333333
35973,5.33630952380952
36833,5.33928571428571
37164,5.34226190476191
37342,5.3452380952381
37642,5.34821428571429
37713,5.35119047619048
37898,5.35416666666667
37963,5.35714285714286
37603,5.36011904761905
37290,5.36309523809524
36955,5.36607142857143
36956,5.36904761904762
36815,5.37202380952381
36637,5.375
37003,5.37797619047619
37526,5.38095238095238
37775,5.38392857142857
37630,5.38690476190476
36722,5.38988095238095
35559,5.39285714285714
34742,5.39583333333333
34002,5.39880952380952
33230,5.40178571428571
32809,5.40476190476191
32446,5.4077380952381
32614,5.41071428571429
32715,5.41369047619048
32150,5.41666666666667
30568,5.41964285714286
28613,5.42261904761905
26727,5.42559523809524
25157,5.42857142857143
24403,5.43154761904762
24354,5.43452380952381
24156,5.4375
23846,5.44047619047619
23539,5.44345238095238
23256,5.44642857142857
23233,5.44940476190476
23253,5.45238095238095
22932,5.45535714285714
22969,5.45833333333333
23574,5.46130952380952
25737,5.46428571428571
28306,5.46726190476191
31552,5.4702380952381
34093,5.47321428571429
35828,5.47619047619048
36337,5.47916666666667
37142,5.48214285714286
37407,5.48511904761905
37471,5.48809523809524
37632,5.49107142857143
37920,5.49404761904762
38095,5.49702380952381
38118,5.5
37735,5.50297619047619
37411,5.50595238095238
37205,5.50892857142857
37064,5.51190476190476
36870,5.51488095238095
36749,5.51785714285714
37029,5.52083333333333
37542,5.52380952380952
37684,5.52678571428571
37470,5.52976190476191
36532,5.5327380952381
35290,5.53571428571429
34597,5.53869047619048
33819,5.54166666666667
33104,5.54464285714286
32718,5.54761904761905
32512,5.55059523809524
32693,5.55357142857143
32784,5.55654761904762
32151,5.55952380952381
30654,5.5625
28721,5.56547619047619
26754,5.56845238095238
25228,5.57142857142857
24439,5.57440476190476
24440,5.57738095238095
24284,5.58035714285714
23918,5.58333333333333
23582,5.58630952380952
23295,5.58928571428571
23219,5.59226190476191
23124,5.5952380952381
22838,5.59821428571429
22834,5.60119047619048
23420,5.60416666666667
25594,5.60714285714286
27965,5.61011904761905
31460,5.61309523809524
33905,5.61607142857143
35501,5.61904761904762
36128,5.62202380952381
36898,5.625
37056,5.62797619047619
37165,5.63095238095238
37294,5.63392857142857
37516,5.63690476190476
37537,5.63988095238095
37478,5.64285714285714
36905,5.64583333333333
36316,5.64880952380952
36081,5.65178571428571
35478,5.65476190476191
35101,5.6577380952381
34944,5.66071428571429
34929,5.66369047619048
35327,5.66666666666667
35498,5.66964285714286
35065,5.67261904761905
34315,5.67559523809524
33258,5.67857142857143
32375,5.68154761904762
31716,5.68452380952381
30629,5.6875
29779,5.69047619047619
29340,5.69345238095238
29324,5.69642857142857
29776,5.69940476190476
29963,5.70238095238095
29024,5.70535714285714
27300,5.70833333333333
25726,5.71130952380952
24204,5.71428571428571
23325,5.71726190476191
23000,5.7202380952381
23044,5.72321428571429
22515,5.72619047619048
22123,5.72916666666667
21767,5.73214285714286
21659,5.73511904761905
21418,5.73809523809524
21029,5.74107142857143
20726,5.74404761904762
20909,5.74702380952381
21885,5.75
23052,5.75297619047619
24710,5.75595238095238
26360,5.75892857142857
28141,5.76190476190476
29612,5.76488095238095
30662,5.76785714285714
31096,5.77083333333333
31292,5.77380952380952
31464,5.77678571428571
31393,5.77976190476191
31269,5.7827380952381
30742,5.78571428571429
30282,5.78869047619048
29564,5.79166666666667
29052,5.79464285714286
28800,5.79761904761905
28266,5.80059523809524
28042,5.80357142857143
27744,5.80654761904762
28022,5.80952380952381
28777,5.8125
29265,5.81547619047619
29112,5.81845238095238
29024,5.82142857142857
28670,5.82440476190476
28278,5.82738095238095
27954,5.83035714285714
27769,5.83333333333333
27266,5.83630952380952
27354,5.83928571428571
27792,5.84226190476191
27328,5.8452380952381
26650,5.84821428571429
25350,5.85119047619048
24166,5.85416666666667
22823,5.85714285714286
21928,5.86011904761905
21880,5.86309523809524
21835,5.86607142857143
21337,5.86904761904762
20910,5.87202380952381
20662,5.875
20406,5.87797619047619
20262,5.88095238095238
19830,5.88392857142857
19438,5.88690476190476
19419,5.88988095238095
20138,5.89285714285714
20625,5.89583333333333
21517,5.89880952380952
22611,5.90178571428571
24061,5.90476190476191
25219,5.9077380952381
26549,5.91071428571429
27609,5.91369047619048
28951,5.91666666666667
29592,5.91964285714286
30153,5.92261904761905
30634,5.92559523809524
31033,5.92857142857143
30704,5.93154761904762
29870,5.93452380952381
29244,5.9375
28944,5.94047619047619
28578,5.94345238095238
28295,5.94642857142857
28170,5.94940476190476
28448,5.95238095238095
28772,5.95535714285714
28856,5.95833333333333
28824,5.96130952380952
28702,5.96428571428571
28426,5.96726190476191
28269,5.9702380952381
28094,5.97321428571429
28196,5.97619047619048
27913,5.97916666666667
28361,5.98214285714286
29118,5.98511904761905
29093,5.98809523809524
27596,5.99107142857143
25651,5.99404761904762
23892,5.99702380952381
22387,6
21817,6.00297619047619
22012,6.00595238095238
22081,6.00892857142857
21839,6.01190476190476
21599,6.01488095238095
21460,6.01785714285714
21442,6.02083333333333
21353,6.02380952380952
21143,6.02678571428571
21307,6.02976190476191
22058,6.0327380952381
24474,6.03571428571429
27218,6.03869047619048
30787,6.04166666666667
33457,6.04464285714286
35273,6.04761904761905
36011,6.05059523809524
36866,6.05357142857143
37346,6.05654761904762
37510,6.05952380952381
37825,6.0625
38248,6.06547619047619
38518,6.06845238095238
38621,6.07142857142857
38270,6.07440476190476
37907,6.07738095238095
37766,6.08035714285714
37646,6.08333333333333
37477,6.08630952380952
37261,6.08928571428571
37766,6.09226190476191
38302,6.0952380952381
38496,6.09821428571429
38279,6.10119047619048
37451,6.10416666666667
36435,6.10714285714286
35601,6.11011904761905
34543,6.11309523809524
33925,6.11607142857143
33161,6.11904761904762
32709,6.12202380952381
32881,6.125
32719,6.12797619047619
32030,6.13095238095238
30569,6.13392857142857
28389,6.13690476190476
26384,6.13988095238095
24822,6.14285714285714
24126,6.14583333333333
24296,6.14880952380952
24461,6.15178571428571
24172,6.15476190476191
23917,6.1577380952381
23664,6.16071428571429
23528,6.16369047619048
23498,6.16666666666667
23108,6.16964285714286
23044,6.17261904761905
23585,6.17559523809524
25750,6.17857142857143
28353,6.18154761904762
31634,6.18452380952381
34080,6.1875
35646,6.19047619047619
36079,6.19345238095238
36758,6.19642857142857
36958,6.19940476190476
37169,6.20238095238095
37410,6.20535714285714
37601,6.20833333333333
37773,6.21130952380952
37672,6.21428571428571
37245,6.21726190476191
36995,6.2202380952381
36519,6.22321428571429
36533,6.22619047619048
36464,6.22916666666667
36274,6.23214285714286
36577,6.23511904761905
37042,6.23809523809524
37242,6.24107142857143
36996,6.24404761904762
36020,6.24702380952381
34759,6.25
33932,6.25297619047619
33001,6.25595238095238
32254,6.25892857142857
31581,6.26190476190476
31270,6.26488095238095
31776,6.26785714285714
32287,6.27083333333333
32117,6.27380952380952
30604,6.27678571428571
28597,6.27976190476191
26528,6.2827380952381
24897,6.28571428571429
24117,6.28869047619048
24330,6.29166666666667
24524,6.29464285714286
24179,6.29761904761905
23915,6.30059523809524
23877,6.30357142857143
23725,6.30654761904762
23499,6.30952380952381
23077,6.3125
22919,6.31547619047619
23596,6.31845238095238
25786,6.32142857142857
28277,6.32440476190476
31689,6.32738095238095
33984,6.33035714285714
35449,6.33333333333333
35832,6.33630952380952
36526,6.33928571428571
36882,6.34226190476191
36959,6.3452380952381
37105,6.34821428571429
37355,6.35119047619048
37510,6.35416666666667
37519,6.35714285714286
37159,6.36011904761905
36810,6.36309523809524
36474,6.36607142857143
36565,6.36904761904762
36459,6.37202380952381
36267,6.375
36585,6.37797619047619
37062,6.38095238095238
37301,6.38392857142857
37110,6.38690476190476
36312,6.38988095238095
35274,6.39285714285714
34483,6.39583333333333
33804,6.39880952380952
33187,6.40178571428571
32918,6.40476190476191
32800,6.4077380952381
32820,6.41071428571429
32686,6.41369047619048
31877,6.41666666666667
30754,6.41964285714286
28729,6.42261904761905
26781,6.42559523809524
25257,6.42857142857143
24292,6.43154761904762
24519,6.43452380952381
24610,6.4375
24207,6.44047619047619
23882,6.44345238095238
23748,6.44642857142857
23692,6.44940476190476
23602,6.45238095238095
23299,6.45535714285714
23493,6.45833333333333
23934,6.46130952380952
26095,6.46428571428571
28615,6.46726190476191
32005,6.4702380952381
34393,6.47321428571429
35901,6.47619047619048
36370,6.47916666666667
37303,6.48214285714286
37585,6.48511904761905
37565,6.48809523809524
37943,6.49107142857143
37990,6.49404761904762
38062,6.49702380952381
38124,6.5
37692,6.50297619047619
37429,6.50595238095238
37067,6.50892857142857
37005,6.51190476190476
36949,6.51488095238095
36646,6.51785714285714
37019,6.52083333333333
37402,6.52380952380952
37476,6.52678571428571
37062,6.52976190476191
36292,6.5327380952381
35247,6.53571428571429
34449,6.53869047619048
33822,6.54166666666667
32999,6.54464285714286
32569,6.54761904761905
32485,6.55059523809524
32879,6.55357142857143
32866,6.55654761904762
32106,6.55952380952381
30590,6.5625
28500,6.56547619047619
26640,6.56845238095238
25050,6.57142857142857
24352,6.57440476190476
24382,6.57738095238095
24432,6.58035714285714
24041,6.58333333333333
23871,6.58630952380952
23754,6.58928571428571
23547,6.59226190476191
23380,6.5952380952381
23043,6.59821428571429
23089,6.60119047619048
23586,6.60416666666667
25660,6.60714285714286
28125,6.61011904761905
31541,6.61309523809524
33932,6.61607142857143
35554,6.61904761904762
36040,6.62202380952381
36630,6.625
36857,6.62797619047619
36971,6.63095238095238
37020,6.63392857142857
37181,6.63690476190476
37304,6.63988095238095
37487,6.64285714285714
36880,6.64583333333333
36159,6.64880952380952
35654,6.65178571428571
35564,6.65476190476191
35302,6.6577380952381
34901,6.66071428571429
34910,6.66369047619048
35229,6.66666666666667
35529,6.66964285714286
35253,6.67261904761905
34636,6.67559523809524
33774,6.67857142857143
33031,6.68154761904762
32090,6.68452380952381
31084,6.6875
30377,6.69047619047619
29800,6.69345238095238
29891,6.69642857142857
30297,6.69940476190476
30087,6.70238095238095
29109,6.70535714285714
27248,6.70833333333333
25675,6.71130952380952
24173,6.71428571428571
23461,6.71726190476191
23473,6.7202380952381
23536,6.72321428571429
22979,6.72619047619048
22600,6.72916666666667
22224,6.73214285714286
21999,6.73511904761905
21842,6.73809523809524
21230,6.74107142857143
20984,6.74404761904762
21009,6.74702380952381
22206,6.75
23293,6.75297619047619
25031,6.75595238095238
26663,6.75892857142857
28460,6.76190476190476
29684,6.76488095238095
30672,6.76785714285714
31072,6.77083333333333
31512,6.77380952380952
31397,6.77678571428571
31348,6.77976190476191
31058,6.7827380952381
30639,6.78571428571429
30135,6.78869047619048
29432,6.79166666666667
28907,6.79464285714286
28471,6.79761904761905
28126,6.80059523809524
27925,6.80357142857143
27809,6.80654761904762
27954,6.80952380952381
28318,6.8125
28834,6.81547619047619
28724,6.81845238095238
28518,6.82142857142857
28181,6.82440476190476
27605,6.82738095238095
27165,6.83035714285714
26661,6.83333333333333
26316,6.83630952380952
26514,6.83928571428571
27119,6.84226190476191
27223,6.8452380952381
26513,6.84821428571429
25354,6.85119047619048
23947,6.85416666666667
22782,6.85714285714286
22034,6.86011904761905
22004,6.86309523809524
21934,6.86607142857143
21541,6.86904761904762
21189,6.87202380952381
20806,6.875
20556,6.87797619047619
20390,6.88095238095238
19881,6.88392857142857
19496,6.88690476190476
19418,6.88988095238095
19949,6.89285714285714
20714,6.89583333333333
21604,6.89880952380952
22589,6.90178571428571
23902,6.90476190476191
25052,6.9077380952381
26384,6.91071428571429
27504,6.91369047619048
28492,6.91666666666667
29177,6.91964285714286
29732,6.92261904761905
29982,6.92559523809524
30197,6.92857142857143
29994,6.93154761904762
29104,6.93452380952381
28063,6.9375
27510,6.94047619047619
27184,6.94345238095238
27021,6.94642857142857
26775,6.94940476190476
26879,6.95238095238095
27097,6.95535714285714
27143,6.95833333333333
27119,6.96130952380952
27142,6.96428571428571
27110,6.96726190476191
27107,6.9702380952381
26775,6.97321428571429
26886,6.97619047619048
26834,6.97916666666667
27667,6.98214285714286
28552,6.98511904761905
28495,6.98809523809524
27452,6.99107142857143
25565,6.99404761904762
23764,6.99702380952381
22421,7
21724,7.00297619047619
21844,7.00595238095238
22095,7.00892857142857
21862,7.01190476190476
21554,7.01488095238095
21466,7.01785714285714
21428,7.02083333333333
21326,7.02380952380952
21131,7.02678571428571
21356,7.02976190476191
22078,7.0327380952381
24352,7.03571428571429
27030,7.03869047619048
30528,7.04166666666667
33059,7.04464285714286
34851,7.04761904761905
35312,7.05059523809524
36154,7.05357142857143
36505,7.05654761904762
36568,7.05952380952381
36774,7.0625
37118,7.06547619047619
37178,7.06845238095238
37214,7.07142857142857
36869,7.07440476190476
36460,7.07738095238095
36140,7.08035714285714
36118,7.08333333333333
35976,7.08630952380952
35708,7.08928571428571
36061,7.09226190476191
36546,7.0952380952381
36640,7.09821428571429
36326,7.10119047619048
35617,7.10416666666667
34407,7.10714285714286
33339,7.11011904761905
32612,7.11309523809524
31904,7.11607142857143
30899,7.11904761904762
31018,7.12202380952381
31444,7.125
32118,7.12797619047619
31907,7.13095238095238
30526,7.13392857142857
28336,7.13690476190476
26355,7.13988095238095
24734,7.14285714285714
24085,7.14583333333333
24069,7.14880952380952
24101,7.15178571428571
23761,7.15476190476191
23408,7.1577380952381
23348,7.16071428571429
23215,7.16369047619048
23144,7.16666666666667
22998,7.16964285714286
22906,7.17261904761905
23350,7.17559523809524
25446,7.17857142857143
27975,7.18154761904762
31231,7.18452380952381
33490,7.1875
35026,7.19047619047619
35632,7.19345238095238
36220,7.19642857142857
36620,7.19940476190476
36723,7.20238095238095
36903,7.20535714285714
36974,7.20833333333333
37261,7.21130952380952
37289,7.21428571428571
36930,7.21726190476191
36633,7.2202380952381
36432,7.22321428571429
36440,7.22619047619048
36248,7.22916666666667
36290,7.23214285714286
36496,7.23511904761905
36996,7.23809523809524
37118,7.24107142857143
36876,7.24404761904762
35845,7.24702380952381
34725,7.25
33861,7.25297619047619
32843,7.25595238095238
32012,7.25892857142857
31430,7.26190476190476
31386,7.26488095238095
31681,7.26785714285714
32285,7.27083333333333
32111,7.27380952380952
30656,7.27678571428571
28577,7.27976190476191
26503,7.2827380952381
25097,7.28571428571429
24328,7.28869047619048
24180,7.29166666666667
24265,7.29464285714286
23924,7.29761904761905
23566,7.30059523809524
23332,7.30357142857143
23302,7.30654761904762
23252,7.30952380952381
23072,7.3125
22909,7.31547619047619
23491,7.31845238095238
25587,7.32142857142857
27993,7.32440476190476
31313,7.32738095238095
33752,7.33035714285714
35371,7.33333333333333
35944,7.33630952380952
36773,7.33928571428572
36978,7.34226190476191
36973,7.3452380952381
37072,7.34821428571429
37051,7.35119047619048
37318,7.35416666666667
37513,7.35714285714286
37156,7.36011904761905
36774,7.36309523809524
36567,7.36607142857143
36449,7.36904761904762
36343,7.37202380952381
36090,7.375
36426,7.37797619047619
36812,7.38095238095238
36980,7.38392857142857
36662,7.38690476190476
35654,7.38988095238095
34351,7.39285714285714
33697,7.39583333333333
32613,7.39880952380952
31711,7.40178571428572
31450,7.40476190476191
31103,7.4077380952381
31332,7.41071428571429
31917,7.41369047619048
31781,7.41666666666667
30581,7.41964285714286
28726,7.42261904761905
27009,7.42559523809524
25316,7.42857142857143
24548,7.43154761904762
24480,7.43452380952381
24308,7.4375
24028,7.44047619047619
23725,7.44345238095238
23537,7.44642857142857
23472,7.44940476190476
23452,7.45238095238095
23209,7.45535714285714
23207,7.45833333333333
23616,7.46130952380952
25862,7.46428571428572
28298,7.46726190476191
31361,7.4702380952381
33843,7.47321428571429
35585,7.47619047619048
36274,7.47916666666667
36993,7.48214285714286
37242,7.48511904761905
37304,7.48809523809524
37390,7.49107142857143
37603,7.49404761904762
37711,7.49702380952381
37606,7.5
37214,7.50297619047619
36938,7.50595238095238
36825,7.50892857142857
36834,7.51190476190476
36712,7.51488095238095
36546,7.51785714285714
36786,7.52083333333333
37042,7.52380952380952
37216,7.52678571428572
36708,7.52976190476191
35737,7.5327380952381
34684,7.53571428571429
33970,7.53869047619048
32902,7.54166666666667
31870,7.54464285714286
31381,7.54761904761905
31149,7.55059523809524
31595,7.55357142857143
32431,7.55654761904762
32026,7.55952380952381
30680,7.5625
28690,7.56547619047619
26598,7.56845238095238
25163,7.57142857142857
24438,7.57440476190476
24145,7.57738095238095
23965,7.58035714285714
23674,7.58333333333333
23347,7.58630952380952
23177,7.58928571428572
23117,7.59226190476191
23008,7.5952380952381
22778,7.59821428571429
22633,7.60119047619048
23081,7.60416666666667
25184,7.60714285714286
27593,7.61011904761905
30702,7.61309523809524
33104,7.61607142857143
34820,7.61904761904762
35496,7.62202380952381
36326,7.625
36505,7.62797619047619
36678,7.63095238095238
36890,7.63392857142857
36892,7.63690476190476
37020,7.63988095238095
36845,7.64285714285714
36321,7.64583333333333
35868,7.64880952380952
35555,7.65178571428572
35385,7.65476190476191
35109,7.6577380952381
34850,7.66071428571429
34972,7.66369047619048
35122,7.66666666666667
35141,7.66964285714286
34713,7.67261904761905
33882,7.67559523809524
32938,7.67857142857143
32034,7.68154761904762
31020,7.68452380952381
30197,7.6875
29527,7.69047619047619
29055,7.69345238095238
29407,7.69642857142857
30121,7.69940476190476
29997,7.70238095238095
28810,7.70535714285714
27115,7.70833333333333
25592,7.71130952380952
24187,7.71428571428572
23142,7.71726190476191
22938,7.7202380952381
22665,7.72321428571429
22161,7.72619047619048
21630,7.72916666666667
21378,7.73214285714286
21229,7.73511904761905
21101,7.73809523809524
20737,7.74107142857143
20523,7.74404761904762
20506,7.74702380952381
21498,7.75
22577,7.75297619047619
24152,7.75595238095238
25606,7.75892857142857
27360,7.76190476190476
28560,7.76488095238095
29677,7.76785714285714
30179,7.77083333333333
30298,7.77380952380952
30321,7.77678571428572
30336,7.77976190476191
30105,7.7827380952381
29755,7.78571428571429
29411,7.78869047619048
28656,7.79166666666667
27992,7.79464285714286
27600,7.79761904761905
27304,7.80059523809524
27049,7.80357142857143
26967,7.80654761904762
27127,7.80952380952381
27538,7.8125
27917,7.81547619047619
27958,7.81845238095238
27588,7.82142857142857
27425,7.82440476190476
27008,7.82738095238095
26673,7.83035714285714
26142,7.83333333333333
26085,7.83630952380952
26687,7.83928571428572
27249,7.84226190476191
26797,7.8452380952381
25910,7.84821428571429
24683,7.85119047619048
23459,7.85416666666667
22227,7.85714285714286
21495,7.86011904761905
21310,7.86309523809524
21086,7.86607142857143
20684,7.86904761904762
20264,7.87202380952381
19973,7.875
19806,7.87797619047619
19581,7.88095238095238
19383,7.88392857142857
19109,7.88690476190476
18869,7.88988095238095
19428,7.89285714285714
20015,7.89583333333333
20768,7.89880952380952
21720,7.90178571428572
22900,7.90476190476191
24092,7.9077380952381
25373,7.91071428571429
26353,7.91369047619048
27383,7.91666666666667
27979,7.91964285714286
28699,7.92261904761905
28908,7.92559523809524
29089,7.92857142857143
28964,7.93154761904762
28209,7.93452380952381
27484,7.9375
27017,7.94047619047619
26663,7.94345238095238
26474,7.94642857142857
26387,7.94940476190476
26546,7.95238095238095
26915,7.95535714285714
27031,7.95833333333333
27065,7.96130952380952
27014,7.96428571428572
26793,7.96726190476191
26985,7.9702380952381
26765,7.97321428571429
26903,7.97619047619048
27023,7.97916666666667
28019,7.98214285714286
28423,7.98511904761905
27579,7.98809523809524
26359,7.99107142857143
24589,7.99404761904762
22936,7.99702380952381
21453,8
20977,8.00297619047619
20803,8.00595238095238
20899,8.00892857142857
20668,8.01190476190476
20451,8.01488095238095
20324,8.01785714285714
20391,8.02083333333333
20383,8.02380952380953
20388,8.02678571428572
20564,8.02976190476191
21114,8.03273809523809
23298,8.03571428571429
25505,8.03869047619048
28507,8.04166666666667
30854,8.04464285714286
32956,8.04761904761905
34017,8.05059523809524
35016,8.05357142857143
35396,8.05654761904762
35587,8.05952380952381
35741,8.0625
35997,8.06547619047619
36161,8.06845238095238
36165,8.07142857142857
35827,8.07440476190476
35512,8.07738095238095
35094,8.08035714285714
35088,8.08333333333333
35045,8.08630952380953
34863,8.08928571428572
34957,8.09226190476191
35262,8.09523809523809
35423,8.09821428571429
35352,8.10119047619048
34880,8.10416666666667
33870,8.10714285714286
33122,8.11011904761905
32325,8.11309523809524
31660,8.11607142857143
31083,8.11904761904762
31367,8.12202380952381
31863,8.125
31412,8.12797619047619
30246,8.13095238095238
28889,8.13392857142857
26762,8.13690476190476
25002,8.13988095238095
23456,8.14285714285714
22720,8.14583333333333
22733,8.14880952380953
22864,8.15178571428572
22467,8.15476190476191
22145,8.15773809523809
21983,8.16071428571429
22045,8.16369047619048
21829,8.16666666666667
21813,8.16964285714286
21997,8.17261904761905
22232,8.17559523809524
24139,8.17857142857143
26224,8.18154761904762
29145,8.18452380952381
31450,8.1875
33325,8.19047619047619
34444,8.19345238095238
35086,8.19642857142857
35356,8.19940476190476
35352,8.20238095238095
35544,8.20535714285714
35693,8.20833333333333
35762,8.21130952380953
35756,8.21428571428572
35411,8.21726190476191
35128,8.22023809523809
34994,8.22321428571429
34857,8.22619047619048
34731,8.22916666666667
34449,8.23214285714286
34624,8.23511904761905
35043,8.23809523809524
35045,8.24107142857143
34912,8.24404761904762
34208,8.24702380952381
32994,8.25
32467,8.25297619047619
31603,8.25595238095238
30855,8.25892857142857
30608,8.26190476190476
30868,8.26488095238095
31549,8.26785714285714
31661,8.27083333333333
30667,8.27380952380953
29098,8.27678571428572
27114,8.27976190476191
25315,8.28273809523809
23564,8.28571428571429
22865,8.28869047619048
22674,8.29166666666667
22738,8.29464285714286
22335,8.29761904761905
21911,8.30059523809524
21876,8.30357142857143
21874,8.30654761904762
21714,8.30952380952381
21683,8.3125
21769,8.31547619047619
22076,8.31845238095238
23999,8.32142857142857
26330,8.32440476190476
29003,8.32738095238095
31196,8.33035714285714
33068,8.33333333333333
34227,8.33630952380953
35033,8.33928571428572
35415,8.34226190476191
35587,8.34523809523809
35608,8.34821428571429
35796,8.35119047619048
35902,8.35416666666667
36013,8.35714285714286
35708,8.36011904761905
35309,8.36309523809524
35053,8.36607142857143
35040,8.36904761904762
34900,8.37202380952381
34708,8.375
34856,8.37797619047619
35024,8.38095238095238
35316,8.38392857142857
35193,8.38690476190476
34396,8.38988095238095
33400,8.39285714285714
32566,8.39583333333333
31541,8.39880952380953
30842,8.40178571428572
30472,8.40476190476191
30457,8.40773809523809
31072,8.41071428571429
31416,8.41369047619048
30812,8.41666666666667
29215,8.41964285714286
27341,8.42261904761905
25409,8.42559523809524
23835,8.42857142857143
23059,8.43154761904762
22905,8.43452380952381
22777,8.4375
22402,8.44047619047619
22131,8.44345238095238
21969,8.44642857142857
21839,8.44940476190476
21819,8.45238095238095
21806,8.45535714285714
21762,8.45833333333333
22145,8.46130952380953
24117,8.46428571428572
26273,8.46726190476191
28922,8.47023809523809
31153,8.47321428571429
33064,8.47619047619048
34178,8.47916666666667
35173,8.48214285714286
35586,8.48511904761905
35711,8.48809523809524
35874,8.49107142857143
36057,8.49404761904762
36140,8.49702380952381
36196,8.5
35823,8.50297619047619
35563,8.50595238095238
35315,8.50892857142857
35320,8.51190476190476
35199,8.51488095238095
35107,8.51785714285714
35167,8.52083333333333
35417,8.52380952380953
35681,8.52678571428572
35535,8.52976190476191
34700,8.53273809523809
33641,8.53571428571429
32701,8.53869047619048
31842,8.54166666666667
31062,8.54464285714286
30697,8.54761904761905
30772,8.55059523809524
31411,8.55357142857143
31522,8.55654761904762
30618,8.55952380952381
29156,8.5625
27117,8.56547619047619
25359,8.56845238095238
23694,8.57142857142857
22923,8.57440476190476
22673,8.57738095238095
22633,8.58035714285714
22240,8.58333333333333
21877,8.58630952380953
21728,8.58928571428572
21622,8.59226190476191
21580,8.59523809523809
21434,8.59821428571429
21446,8.60119047619048
21812,8.60416666666667
23691,8.60714285714286
25686,8.61011904761905
28460,8.61309523809524
30737,8.61607142857143
32619,8.61904761904762
33860,8.62202380952381
34728,8.625
35036,8.62797619047619
35166,8.63095238095238
35232,8.63392857142857
35389,8.63690476190476
35456,8.63988095238095
35482,8.64285714285714
35052,8.64583333333333
34760,8.64880952380953
34362,8.65178571428572
34158,8.65476190476191
33919,8.65773809523809
33761,8.66071428571429
33541,8.66369047619048
33602,8.66666666666667
33778,8.66964285714286
33793,8.67261904761905
33031,8.67559523809524
32212,8.67857142857143
31415,8.68154761904762
30522,8.68452380952381
29606,8.6875
29001,8.69047619047619
28797,8.69345238095238
29410,8.69642857142857
29711,8.69940476190476
29031,8.70238095238095
27747,8.70535714285714
26212,8.70833333333333
24681,8.71130952380953
23203,8.71428571428572
22495,8.71726190476191
22290,8.72023809523809
22059,8.72321428571429
21573,8.72619047619048
21223,8.72916666666667
20999,8.73214285714286
20803,8.73511904761905
20561,8.73809523809524
20291,8.74107142857143
19957,8.74404761904762
19866,8.74702380952381
20765,8.75
21923,8.75297619047619
23524,8.75595238095238
25069,8.75892857142857
26802,8.76190476190476
28036,8.76488095238095
29275,8.76785714285714
29801,8.77083333333333
30107,8.77380952380953
30144,8.77678571428572
30136,8.77976190476191
30065,8.78273809523809
29713,8.78571428571429
29265,8.78869047619048
28627,8.79166666666667
28054,8.79464285714286
27727,8.79761904761905
27423,8.80059523809524
27253,8.80357142857143
27101,8.80654761904762
27349,8.80952380952381
27795,8.8125
28115,8.81547619047619
28123,8.81845238095238
27747,8.82142857142857
27411,8.82440476190476
27018,8.82738095238095
26642,8.83035714285714
26078,8.83333333333333
25917,8.83630952380953
26574,8.83928571428572
27137,8.84226190476191
26858,8.84523809523809
25981,8.84821428571429
24671,8.85119047619048
23515,8.85416666666667
22208,8.85714285714286
21516,8.86011904761905
21219,8.86309523809524
20973,8.86607142857143
20447,8.86904761904762
19959,8.87202380952381
19705,8.875
19567,8.87797619047619
19335,8.88095238095238
19179,8.88392857142857
18809,8.88690476190476
18640,8.88988095238095
19074,8.89285714285714
19661,8.89583333333333
20561,8.89880952380953
21627,8.90178571428572
22992,8.90476190476191
24278,8.90773809523809
25553,8.91071428571429
26442,8.91369047619048
27265,8.91666666666667
27822,8.91964285714286
28352,8.92261904761905
28572,8.92559523809524
28733,8.92857142857143
28560,8.93154761904762
27746,8.93452380952381
27015,8.9375
26790,8.94047619047619
26377,8.94345238095238
26169,8.94642857142857
26086,8.94940476190476
26208,8.95238095238095
26401,8.95535714285714
26500,8.95833333333333
26582,8.96130952380953
26514,8.96428571428572
26344,8.96726190476191
26245,8.97023809523809
25940,8.97321428571429
25933,8.97619047619048
26309,8.97916666666667
27776,8.98214285714286
28249,8.98511904761905
27695,8.98809523809524
26385,8.99107142857143
24740,8.99404761904762
23204,8.99702380952381
21771,9
21118,9.00297619047619
20901,9.00595238095238
20947,9.00892857142857
20625,9.01190476190476
20313,9.01488095238095
20251,9.01785714285714
20237,9.02083333333333
20244,9.02380952380952
20276,9.02678571428572
20446,9.02976190476191
20851,9.0327380952381
22746,9.03571428571429
24860,9.03869047619048
27773,9.04166666666667
30156,9.04464285714286
32181,9.04761904761905
33448,9.05059523809524
34577,9.05357142857143
35023,9.05654761904762
35220,9.05952380952381
35332,9.0625
35651,9.06547619047619
35650,9.06845238095238
35651,9.07142857142857
35429,9.07440476190476
35163,9.07738095238095
34859,9.08035714285714
34766,9.08333333333333
34683,9.08630952380952
34511,9.08928571428572
34644,9.09226190476191
34766,9.0952380952381
35028,9.09821428571429
34891,9.10119047619048
34159,9.10416666666667
33201,9.10714285714286
32423,9.11011904761905
31652,9.11309523809524
30989,9.11607142857143
30326,9.11904761904762
30789,9.12202380952381
31846,9.125
31630,9.12797619047619
30437,9.13095238095238
28691,9.13392857142857
26658,9.13690476190476
24829,9.13988095238095
23241,9.14285714285714
22491,9.14583333333333
22408,9.14880952380952
22303,9.15178571428572
21912,9.15476190476191
21481,9.1577380952381
21301,9.16071428571429
21389,9.16369047619048
21307,9.16666666666667
21321,9.16964285714286
21413,9.17261904761905
21747,9.17559523809524
23426,9.17857142857143
25564,9.18154761904762
28304,9.18452380952381
30417,9.1875
32491,9.19047619047619
33601,9.19345238095238
34525,9.19642857142857
34774,9.19940476190476
34813,9.20238095238095
34950,9.20535714285714
35047,9.20833333333333
35123,9.21130952380952
35204,9.21428571428572
34910,9.21726190476191
34653,9.2202380952381
34393,9.22321428571429
34423,9.22619047619048
34327,9.22916666666667
34248,9.23214285714286
34290,9.23511904761905
34537,9.23809523809524
34629,9.24107142857143
34318,9.24404761904762
33512,9.24702380952381
32740,9.25
31936,9.25297619047619
30867,9.25595238095238
30089,9.25892857142857
29659,9.26190476190476
29631,9.26488095238095
30792,9.26785714285714
30850,9.27083333333333
30253,9.27380952380952
28545,9.27678571428572
26754,9.27976190476191
24824,9.2827380952381
23351,9.28571428571429
22627,9.28869047619048
22427,9.29166666666667
22170,9.29464285714286
21785,9.29761904761905
21330,9.30059523809524
21271,9.30357142857143
21285,9.30654761904762
21247,9.30952380952381
21219,9.3125
21338,9.31547619047619
21601,9.31845238095238
23346,9.32142857142857
25466,9.32440476190476
28096,9.32738095238095
30271,9.33035714285714
32148,9.33333333333333
33282,9.33630952380952
34234,9.33928571428572
34525,9.34226190476191
34767,9.3452380952381
34880,9.34821428571429
35144,9.35119047619048
35258,9.35416666666667
35388,9.35714285714286
35037,9.36011904761905
34643,9.36309523809524
34285,9.36607142857143
34351,9.36904761904762
34162,9.37202380952381
34099,9.375
34093,9.37797619047619
34437,9.38095238095238
34601,9.38392857142857
34608,9.38690476190476
33741,9.38988095238095
32956,9.39285714285714
32133,9.39583333333333
31292,9.39880952380952
30807,9.40178571428572
30401,9.40476190476191
30501,9.4077380952381
31087,9.41071428571429
30899,9.41369047619048
30088,9.41666666666667
28469,9.41964285714286
26738,9.42261904761905
24810,9.42559523809524
23334,9.42857142857143
22560,9.43154761904762
22329,9.43452380952381
22352,9.4375
21988,9.44047619047619
21686,9.44345238095238
21501,9.44642857142857
21543,9.44940476190476
21437,9.45238095238095
21455,9.45535714285714
21576,9.45833333333333
21866,9.46130952380952
23514,9.46428571428572
25591,9.46726190476191
28145,9.4702380952381
30315,9.47321428571429
32075,9.47619047619048
33250,9.47916666666667
34180,9.48214285714286
34470,9.48511904761905
34601,9.48809523809524
34839,9.49107142857143
35092,9.49404761904762
35194,9.49702380952381
35193,9.5
34977,9.50297619047619
34686,9.50595238095238
34448,9.50892857142857
34526,9.51190476190476
34389,9.51488095238095
34349,9.51785714285714
34414,9.52083333333333
34569,9.52380952380952
34817,9.52678571428572
34707,9.52976190476191
34030,9.5327380952381
33248,9.53571428571429
32595,9.53869047619048
31573,9.54166666666667
30654,9.54464285714286
30274,9.54761904761905
30515,9.55059523809524
31608,9.55357142857143
31203,9.55654761904762
30051,9.55952380952381
28526,9.5625
26719,9.56547619047619
24987,9.56845238095238
23373,9.57142857142857
22570,9.57440476190476
22439,9.57738095238095
22316,9.58035714285714
21855,9.58333333333333
21577,9.58630952380952
21419,9.58928571428572
21390,9.59226190476191
21277,9.5952380952381
21287,9.59821428571429
21475,9.60119047619048
21736,9.60416666666667
23496,9.60714285714286
25485,9.61011904761905
28125,9.61309523809524
30308,9.61607142857143
32242,9.61904761904762
33468,9.62202380952381
34354,9.625
34522,9.62797619047619
34629,9.63095238095238
34809,9.63392857142857
34854,9.63690476190476
34901,9.63988095238095
34787,9.64285714285714
34489,9.64583333333333
34139,9.64880952380952
33820,9.65178571428572
33623,9.65476190476191
33287,9.6577380952381
32920,9.66071428571429
32840,9.66369047619048
32891,9.66666666666667
33047,9.66964285714286
33128,9.67261904761905
32460,9.67559523809524
31744,9.67857142857143
31093,9.68154761904762
30435,9.68452380952381
29584,9.6875
29321,9.69047619047619
29533,9.69345238095238
30431,9.69642857142857
29989,9.69940476190476
29018,9.70238095238095
27702,9.70535714285714
26074,9.70833333333333
24618,9.71130952380952
23212,9.71428571428572
22310,9.71726190476191
22095,9.7202380952381
21909,9.72321428571429
21420,9.72619047619048
21024,9.72916666666667
20737,9.73214285714286
20607,9.73511904761905
20464,9.73809523809524
20262,9.74107142857143
20223,9.74404761904762
20080,9.74702380952381
20952,9.75
21950,9.75297619047619
23480,9.75595238095238
25019,9.75892857142857
26825,9.76190476190476
27917,9.76488095238095
29044,9.76785714285714
29518,9.77083333333333
29800,9.77380952380952
29820,9.77678571428572
29796,9.77976190476191
29682,9.7827380952381
29322,9.78571428571429
28918,9.78869047619048
28236,9.79166666666667
27650,9.79464285714286
27240,9.79761904761905
26879,9.80059523809524
26726,9.80357142857143
26682,9.80654761904762
26894,9.80952380952381
27461,9.8125
27884,9.81547619047619
27942,9.81845238095238
27622,9.82142857142857
27305,9.82440476190476
27023,9.82738095238095
26688,9.83035714285714
26255,9.83333333333333
26495,9.83630952380952
27767,9.83928571428572
27678,9.84226190476191
27058,9.8452380952381
26109,9.84821428571429
24922,9.85119047619048
23646,9.85416666666667
22434,9.85714285714286
21595,9.86011904761905
21299,9.86309523809524
20946,9.86607142857143
20487,9.86904761904762
20030,9.87202380952381
19748,9.875
19637,9.87797619047619
19495,9.88095238095238
19294,9.88392857142857
19193,9.88690476190476
18939,9.88988095238095
19339,9.89285714285714
19900,9.89583333333333
20848,9.89880952380952
21865,9.90178571428572
23206,9.90476190476191
24338,9.9077380952381
25482,9.91071428571429
26422,9.91369047619048
27315,9.91666666666667
28044,9.91964285714286
28546,9.92261904761905
28906,9.92559523809524
29096,9.92857142857143
28876,9.93154761904762
28227,9.93452380952381
27516,9.9375
27087,9.94047619047619
26648,9.94345238095238
26416,9.94642857142857
26392,9.94940476190476
26592,9.95238095238095
26814,9.95535714285714
26908,9.95833333333333
26786,9.96130952380953
26816,9.96428571428572
26634,9.96726190476191
26514,9.9702380952381
26299,9.97321428571429
26454,9.97619047619048
26760,9.97916666666667
28578,9.98214285714286
28609,9.98511904761905
27913,9.98809523809524
26523,9.99107142857143
24989,9.99404761904762
23375,9.99702380952381
22078,10
21410,10.0029761904762
21377,10.0059523809524
21269,10.0089285714286
20951,10.0119047619048
20655,10.014880952381
20495,10.0178571428571
20585,10.0208333333333
20586,10.0238095238095
20641,10.0267857142857
21037,10.0297619047619
21377,10.0327380952381
23389,10.0357142857143
25622,10.0386904761905
28487,10.0416666666667
30870,10.0446428571429
32993,10.047619047619
34211,10.0505952380952
35256,10.0535714285714
35617,10.0565476190476
35821,10.0595238095238
36032,10.0625
36282,10.0654761904762
36340,10.0684523809524
36537,10.0714285714286
36296,10.0744047619048
36017,10.077380952381
35994,10.0803571428571
35948,10.0833333333333
35859,10.0863095238095
35765,10.0892857142857
35753,10.0922619047619
36058,10.0952380952381
36315,10.0982142857143
36050,10.1011904761905
35248,10.1041666666667
34222,10.1071428571429
33545,10.110119047619
32731,10.1130952380952
31885,10.1160714285714
31397,10.1190476190476
32224,10.1220238095238
33166,10.125
32505,10.1279761904762
31230,10.1309523809524
29430,10.1339285714286
27526,10.1369047619048
25691,10.139880952381
24203,10.1428571428571
23484,10.1458333333333
23436,10.1488095238095
23207,10.1517857142857
22817,10.1547619047619
22562,10.1577380952381
22427,10.1607142857143
22423,10.1636904761905
22342,10.1666666666667
22402,10.1696428571429
22785,10.172619047619
22949,10.1755952380952
24695,10.1785714285714
26750,10.1815476190476
29468,10.1845238095238
31734,10.1875
33757,10.1904761904762
34643,10.1934523809524
35517,10.1964285714286
35895,10.1994047619048
35908,10.202380952381
36210,10.2053571428571
36438,10.2083333333333
36612,10.2113095238095
36620,10.2142857142857
36319,10.2172619047619
36123,10.2202380952381
35978,10.2232142857143
35777,10.2261904761905
35661,10.2291666666667
35575,10.2321428571429
35845,10.235119047619
35950,10.2380952380952
36177,10.2410714285714
36075,10.2440476190476
35137,10.2470238095238
34164,10.25
33281,10.2529761904762
32329,10.2559523809524
31468,10.2589285714286
31167,10.2619047619048
31809,10.264880952381
33196,10.2678571428571
32601,10.2708333333333
31436,10.2738095238095
29679,10.2767857142857
27635,10.2797619047619
25833,10.2827380952381
24315,10.2857142857143
23690,10.2886904761905
23441,10.2916666666667
23198,10.2946428571429
22818,10.297619047619
22551,10.3005952380952
22354,10.3035714285714
22359,10.3065476190476
22348,10.3095238095238
22282,10.3125
22676,10.3154761904762
22926,10.3184523809524
24621,10.3214285714286
26681,10.3244047619048
29533,10.327380952381
31842,10.3303571428571
33888,10.3333333333333
34826,10.3363095238095
35747,10.3392857142857
36136,10.3422619047619
36303,10.3452380952381
36479,10.3482142857143
36565,10.3511904761905
36689,10.3541666666667
36740,10.3571428571429
36378,10.360119047619
36043,10.3630952380952
35930,10.3660714285714
35760,10.3690476190476
35676,10.3720238095238
35644,10.375
35661,10.3779761904762
35851,10.3809523809524
36151,10.3839285714286
36010,10.3869047619048
35225,10.389880952381
34283,10.3928571428571
33618,10.3958333333333
32731,10.3988095238095
32070,10.4017857142857
32037,10.4047619047619
32639,10.4077380952381
33449,10.4107142857143
32635,10.4136904761905
31361,10.4166666666667
29759,10.4196428571429
27891,10.422619047619
25833,10.4255952380952
24246,10.4285714285714
23580,10.4315476190476
23512,10.4345238095238
23310,10.4375
22893,10.4404761904762
22577,10.4434523809524
22392,10.4464285714286
22392,10.4494047619048
22384,10.452380952381
22428,10.4553571428571
22749,10.4583333333333
23062,10.4613095238095
24803,10.4642857142857
26788,10.4672619047619
29596,10.4702380952381
31831,10.4732142857143
33770,10.4761904761905
35053,10.4791666666667
35888,10.4821428571429
36010,10.485119047619
36251,10.4880952380952
36312,10.4910714285714
36525,10.4940476190476
36806,10.4970238095238
36647,10.5
36385,10.5029761904762
36059,10.5059523809524
35900,10.5089285714286
35703,10.5119047619048
35622,10.514880952381
35529,10.5178571428571
35492,10.5208333333333
35553,10.5238095238095
35692,10.5267857142857
35387,10.5297619047619
34589,10.5327380952381
33958,10.5357142857143
33170,10.5386904761905
32316,10.5416666666667
31738,10.5446428571429
31830,10.547619047619
32595,10.5505952380952
33382,10.5535714285714
32527,10.5565476190476
31194,10.5595238095238
29578,10.5625
27652,10.5654761904762
25848,10.5684523809524
24311,10.5714285714286
23460,10.5744047619048
23333,10.577380952381
23232,10.5803571428571
22764,10.5833333333333
22486,10.5863095238095
22372,10.5892857142857
22377,10.5922619047619
22270,10.5952380952381
22231,10.5982142857143
22613,10.6011904761905
22756,10.6041666666667
24529,10.6071428571429
26522,10.610119047619
29281,10.6130952380952
31635,10.6160714285714
33533,10.6190476190476
34586,10.6220238095238
35502,10.625
35664,10.6279761904762
35733,10.6309523809524
35823,10.6339285714286
35880,10.6369047619048
35880,10.639880952381
35985,10.6428571428571
35608,10.6458333333333
35166,10.6488095238095
34949,10.6517857142857
34612,10.6547619047619
34452,10.6577380952381
34221,10.6607142857143
34122,10.6636904761905
34192,10.6666666666667
34293,10.6696428571429
34079,10.672619047619
33352,10.6755952380952
32510,10.6785714285714
31804,10.6815476190476
31013,10.6845238095238
30103,10.6875
29685,10.6904761904762
30215,10.6934523809524
31615,10.6964285714286
31118,10.6994047619048
29956,10.702380952381
28531,10.7053571428571
26846,10.7083333333333
25326,10.7113095238095
23854,10.7142857142857
23167,10.7172619047619
22917,10.7202380952381
22525,10.7232142857143
22035,10.7261904761905
21592,10.7291666666667
21291,10.7321428571429
21177,10.735119047619
21053,10.7380952380952
20840,10.7410714285714
20917,10.7440476190476
20728,10.7470238095238
21492,10.75
22631,10.7529761904762
24221,10.7559523809524
25848,10.7589285714286
27553,10.7619047619048
28954,10.764880952381
30034,10.7678571428571
30639,10.7708333333333
30852,10.7738095238095
30835,10.7767857142857
30760,10.7797619047619
30617,10.7827380952381
30216,10.7857142857143
29643,10.7886904761905
28976,10.7916666666667
28507,10.7946428571429
28110,10.797619047619
27700,10.8005952380952
27529,10.8035714285714
27588,10.8065476190476
27868,10.8095238095238
28237,10.8125
28729,10.8154761904762
28777,10.8184523809524
28389,10.8214285714286
28315,10.8244047619048
27919,10.827380952381
27627,10.8303571428571
27641,10.8333333333333
28345,10.8363095238095
28867,10.8392857142857
28212,10.8422619047619
27567,10.8452380952381
26869,10.8482142857143
25442,10.8511904761905
24145,10.8541666666667
22947,10.8571428571429
22213,10.860119047619
21917,10.8630952380952
21597,10.8660714285714
21050,10.8690476190476
20515,10.8720238095238
20215,10.875
20142,10.8779761904762
20010,10.8809523809524
19829,10.8839285714286
19837,10.8869047619048
19704,10.889880952381
19881,10.8928571428571
20463,10.8958333333333
21414,10.8988095238095
22572,10.9017857142857
23859,10.9047619047619
25007,10.9077380952381
26286,10.9107142857143
27291,10.9136904761905
28202,10.9166666666667
28946,10.9196428571429
29344,10.922619047619
29639,10.9255952380952
29897,10.9285714285714
29777,10.9315476190476
29078,10.9345238095238
28579,10.9375
28012,10.9404761904762
27615,10.9434523809524
27549,10.9464285714286
27595,10.9494047619048
27641,10.952380952381
27979,10.9553571428571
28210,10.9583333333333
28217,10.9613095238095
28362,10.9642857142857
28337,10.9672619047619
28312,10.9702380952381
28292,10.9732142857143
28823,10.9761904761905
29935,10.9791666666667
30106,10.9821428571429
29615,10.985119047619
28625,10.9880952380952
27150,10.9910714285714
25427,10.9940476190476
23841,10.9970238095238
22489,11
21898,11.0029761904762
21932,11.0059523809524
21943,11.0089285714286
21651,11.0119047619048
21412,11.014880952381
21136,11.0178571428571
21227,11.0208333333333
21341,11.0238095238095
21382,11.0267857142857
21880,11.0297619047619
22598,11.0327380952381
24631,11.0357142857143
26989,11.0386904761905
29734,11.0416666666667
32143,11.0446428571429
34391,11.047619047619
35745,11.0505952380952
36919,11.0535714285714
37318,11.0565476190476
37299,11.0595238095238
37521,11.0625
37631,11.0654761904762
37755,11.0684523809524
37849,11.0714285714286
37594,11.0744047619048
37152,11.077380952381
37126,11.0803571428571
37039,11.0833333333333
36981,11.0863095238095
36846,11.0892857142857
36841,11.0922619047619
37047,11.0952380952381
37160,11.0982142857143
36856,11.1011904761905
35761,11.1041666666667
34906,11.1071428571429
34139,11.110119047619
33489,11.1130952380952
32784,11.1160714285714
32243,11.1190476190476
33516,11.1220238095238
34568,11.125
33545,11.1279761904762
32173,11.1309523809524
30495,11.1339285714286
28426,11.1369047619048
26405,11.139880952381
24923,11.1428571428571
24327,11.1458333333333
24097,11.1488095238095
24009,11.1517857142857
23636,11.1547619047619
23326,11.1577380952381
23164,11.1607142857143
22936,11.1636904761905
23025,11.1666666666667
23031,11.1696428571429
23496,11.172619047619
23734,11.1755952380952
25322,11.1785714285714
27439,11.1815476190476
30185,11.1845238095238
32466,11.1875
34420,11.1904761904762
35521,11.1934523809524
36394,11.1964285714286
36642,11.1994047619048
36761,11.202380952381
36809,11.2053571428571
36901,11.2083333333333
37020,11.2113095238095
37068,11.2142857142857
36698,11.2172619047619
36472,11.2202380952381
36403,11.2232142857143
36268,11.2261904761905
36239,11.2291666666667
36078,11.2321428571429
36264,11.235119047619
36588,11.2380952380952
36902,11.2410714285714
36690,11.2440476190476
35842,11.2470238095238
35119,11.25
34309,11.2529761904762
33636,11.2559523809524
33128,11.2589285714286
33231,11.2619047619048
34024,11.264880952381
34658,11.2678571428571
33370,11.2708333333333
32176,11.2738095238095
30417,11.2767857142857
28428,11.2797619047619
26673,11.2827380952381
25124,11.2857142857143
24383,11.2886904761905
24114,11.2916666666667
24167,11.2946428571429
23746,11.297619047619
23444,11.3005952380952
23259,11.3035714285714
23217,11.3065476190476
23197,11.3095238095238
23185,11.3125
23561,11.3154761904762
23818,11.3184523809524
25395,11.3214285714286
27464,11.3244047619048
30307,11.327380952381
32365,11.3303571428571
34165,11.3333333333333
35240,11.3363095238095
36050,11.3392857142857
36221,11.3422619047619
36283,11.3452380952381
36439,11.3482142857143
36504,11.3511904761905
36710,11.3541666666667
36921,11.3571428571429
36427,11.360119047619
36032,11.3630952380952
35964,11.3660714285714
35817,11.3690476190476
35794,11.3720238095238
35626,11.375
35744,11.3779761904762
35977,11.3809523809524
36337,11.3839285714286
36128,11.3869047619048
35343,11.389880952381
34456,11.3928571428571
33700,11.3958333333333
33127,11.3988095238095
32626,11.4017857142857
32706,11.4047619047619
33837,11.4077380952381
34144,11.4107142857143
33043,11.4136904761905
32013,11.4166666666667
30575,11.4196428571429
28624,11.422619047619
26782,11.4255952380952
25168,11.4285714285714
24479,11.4315476190476
24239,11.4345238095238
24063,11.4375
23701,11.4404761904762
23279,11.4434523809524
23166,11.4464285714286
23130,11.4494047619048
23161,11.452380952381
23148,11.4553571428571
23509,11.4583333333333
23799,11.4613095238095
25471,11.4642857142857
27502,11.4672619047619
30255,11.4702380952381
32610,11.4732142857143
34374,11.4761904761905
35506,11.4791666666667
36167,11.4821428571429
36345,11.485119047619
36483,11.4880952380952
36680,11.4910714285714
36819,11.4940476190476
36964,11.4970238095238
37029,11.5
36613,11.5029761904762
36380,11.5059523809524
36234,11.5089285714286
36092,11.5119047619048
35935,11.514880952381
35867,11.5178571428571
35976,11.5208333333333
36174,11.5238095238095
36354,11.5267857142857
36078,11.5297619047619
35454,11.5327380952381
34455,11.5357142857143
33604,11.5386904761905
33082,11.5416666666667
32537,11.5446428571429
32560,11.547619047619
33891,11.5505952380952
34075,11.5535714285714
32982,11.5565476190476
31860,11.5595238095238
30198,11.5625
28433,11.5654761904762
26770,11.5684523809524
25179,11.5714285714286
24314,11.5744047619048
24157,11.577380952381
23944,11.5803571428571
23387,11.5833333333333
23140,11.5863095238095
23067,11.5892857142857
22994,11.5922619047619
22940,11.5952380952381
22904,11.5982142857143
23375,11.6011904761905
23742,11.6041666666667
25401,11.6071428571429
27491,11.610119047619
30268,11.6130952380952
32611,11.6160714285714
34417,11.6190476190476
35604,11.6220238095238
36531,11.625
36818,11.6279761904762
36875,11.6309523809524
36998,11.6339285714286
37110,11.6369047619048
37296,11.639880952381
37392,11.6428571428571
36897,11.6458333333333
36333,11.6488095238095
35999,11.6517857142857
35656,11.6547619047619
35441,11.6577380952381
35062,11.6607142857143
34861,11.6636904761905
34834,11.6666666666667
35039,11.6696428571429
34876,11.672619047619
34243,11.6755952380952
33596,11.6785714285714
32946,11.6815476190476
32395,11.6845238095238
31698,11.6875
31837,11.6904761904762
32422,11.6934523809524
32452,11.6964285714286
31564,11.6994047619048
30367,11.702380952381
29055,11.7053571428571
27393,11.7083333333333
25924,11.7113095238095
24446,11.7142857142857
23832,11.7172619047619
23517,11.7202380952381
23189,11.7232142857143
22544,11.7261904761905
22096,11.7291666666667
21913,11.7321428571429
21776,11.735119047619
21602,11.7380952380952
21460,11.7410714285714
21622,11.7440476190476
21817,11.7470238095238
22398,11.75
23322,11.7529761904762
25034,11.7559523809524
26611,11.7589285714286
28339,11.7619047619048
29635,11.764880952381
30840,11.7678571428571
31339,11.7708333333333
31521,11.7738095238095
31709,11.7767857142857
31548,11.7797619047619
31366,11.7827380952381
30966,11.7857142857143
30464,11.7886904761905
29621,11.7916666666667
29087,11.7946428571429
28491,11.797619047619
28044,11.8005952380952
27791,11.8035714285714
27842,11.8065476190476
28011,11.8095238095238
28398,11.8125
28802,11.8154761904762
28718,11.8184523809524
28372,11.8214285714286
27955,11.8244047619048
27537,11.827380952381
27606,11.8303571428571
27690,11.8333333333333
28652,11.8363095238095
28897,11.8392857142857
28307,11.8422619047619
27657,11.8452380952381
26860,11.8482142857143
25377,11.8511904761905
24107,11.8541666666667
22869,11.8571428571429
22202,11.860119047619
21806,11.8630952380952
21483,11.8660714285714
20986,11.8690476190476
20599,11.8720238095238
20296,11.875
20238,11.8779761904762
20082,11.8809523809524
19802,11.8839285714286
19747,11.8869047619048
19718,11.889880952381
19953,11.8928571428571
20489,11.8958333333333
21431,11.8988095238095
22514,11.9017857142857
23961,11.9047619047619
25355,11.9077380952381
26602,11.9107142857143
27510,11.9136904761905
28306,11.9166666666667
28788,11.9196428571429
29166,11.922619047619
29536,11.9255952380952
29557,11.9285714285714
29406,11.9315476190476
28543,11.9345238095238
28013,11.9375
27430,11.9404761904762
27187,11.9434523809524
26980,11.9464285714286
27033,11.9494047619048
27173,11.952380952381
27392,11.9553571428571
27578,11.9583333333333
27561,11.9613095238095
27771,11.9642857142857
27772,11.9672619047619
27625,11.9702380952381
27497,11.9732142857143
28461,11.9761904761905
29738,11.9791666666667
30108,11.9821428571429
29309,11.985119047619
28351,11.9880952380952
26974,11.9910714285714
25265,11.9940476190476
23835,11.9970238095238
22651,12
21874,12.0029761904762
21763,12.0059523809524
21798,12.0089285714286
21625,12.0119047619048
21321,12.014880952381
21071,12.0178571428571
21093,12.0208333333333
21177,12.0238095238095
21223,12.0267857142857
21854,12.0297619047619
22429,12.0327380952381
24271,12.0357142857143
26533,12.0386904761905
29373,12.0416666666667
31848,12.0446428571429
33979,12.047619047619
35182,12.0505952380952
36245,12.0535714285714
36535,12.0565476190476
36653,12.0595238095238
36699,12.0625
36928,12.0654761904762
37015,12.0684523809524
37202,12.0714285714286
36850,12.0744047619048
36522,12.077380952381
36332,12.0803571428571
36201,12.0833333333333
36249,12.0863095238095
36159,12.0892857142857
36327,12.0922619047619
36462,12.0952380952381
36629,12.0982142857143
36405,12.1011904761905
35531,12.1041666666667
34835,12.1071428571429
34261,12.110119047619
33676,12.1130952380952
33203,12.1160714285714
33164,12.1190476190476
34409,12.1220238095238
34469,12.125
33085,12.1279761904762
31815,12.1309523809524
30031,12.1339285714286
27989,12.1369047619048
26190,12.139880952381
24702,12.1428571428571
24068,12.1458333333333
23964,12.1488095238095
23932,12.1517857142857
23508,12.1547619047619
23271,12.1577380952381
23113,12.1607142857143
23018,12.1636904761905
22997,12.1666666666667
23046,12.1696428571429
23450,12.172619047619
23841,12.1755952380952
25520,12.1785714285714
27645,12.1815476190476
30235,12.1845238095238
32532,12.1875
34497,12.1904761904762
35575,12.1934523809524
36403,12.1964285714286
36578,12.1994047619048
36659,12.202380952381
36738,12.2053571428571
36832,12.2083333333333
37016,12.2113095238095
37050,12.2142857142857
36685,12.2172619047619
36273,12.2202380952381
36180,12.2232142857143
36019,12.2261904761905
35842,12.2291666666667
35768,12.2321428571429
35846,12.235119047619
36149,12.2380952380952
36376,12.2410714285714
36134,12.2440476190476
35383,12.2470238095238
34660,12.25
33885,12.2529761904762
33017,12.2559523809524
32553,12.2589285714286
33152,12.2619047619048
34742,12.264880952381
34849,12.2678571428571
33554,12.2708333333333
32208,12.2738095238095
30423,12.2767857142857
28566,12.2797619047619
26714,12.2827380952381
24969,12.2857142857143
24269,12.2886904761905
24219,12.2916666666667
24115,12.2946428571429
23772,12.297619047619
23482,12.3005952380952
23383,12.3035714285714
23256,12.3065476190476
23257,12.3095238095238
23332,12.3125
23680,12.3154761904762
24290,12.3184523809524
25831,12.3214285714286
27888,12.3244047619048
30556,12.327380952381
32830,12.3303571428571
34816,12.3333333333333
35867,12.3363095238095
36625,12.3392857142857
36829,12.3422619047619
36969,12.3452380952381
36981,12.3482142857143
37068,12.3511904761905
37261,12.3541666666667
37272,12.3571428571429
36826,12.360119047619
36465,12.3630952380952
36220,12.3660714285714
36148,12.3690476190476
36163,12.3720238095238
35938,12.375
36028,12.3779761904762
36233,12.3809523809524
36503,12.3839285714286
36350,12.3869047619048
35533,12.389880952381
34639,12.3928571428571
33834,12.3958333333333
33133,12.3988095238095
32679,12.4017857142857
33512,12.4047619047619
34804,12.4077380952381
34652,12.4107142857143
33661,12.4136904761905
32448,12.4166666666667
30767,12.4196428571429
28762,12.422619047619
27016,12.4255952380952
25338,12.4285714285714
24514,12.4315476190476
24375,12.4345238095238
24224,12.4375
23739,12.4404761904762
23447,12.4434523809524
23222,12.4464285714286
23171,12.4494047619048
23187,12.452380952381
23232,12.4553571428571
23674,12.4583333333333
24368,12.4613095238095
25814,12.4642857142857
27894,12.4672619047619
30584,12.4702380952381
32926,12.4732142857143
34831,12.4761904761905
35890,12.4791666666667
36720,12.4821428571429
36903,12.485119047619
36869,12.4880952380952
37091,12.4910714285714
37307,12.4940476190476
37480,12.4970238095238
37440,12.5
37095,12.5029761904762
36805,12.5059523809524
36642,12.5089285714286
36461,12.5119047619048
36358,12.514880952381
36234,12.5178571428571
36431,12.5208333333333
36573,12.5238095238095
36790,12.5267857142857
36530,12.5297619047619
35562,12.5327380952381
34767,12.5357142857143
34197,12.5386904761905
33452,12.5416666666667
33026,12.5446428571429
33940,12.547619047619
35455,12.5505952380952
35489,12.5535714285714
34041,12.5565476190476
32394,12.5595238095238
30961,12.5625
28958,12.5654761904762
27151,12.5684523809524
25394,12.5714285714286
24722,12.5744047619048
24370,12.577380952381
24319,12.5803571428571
23895,12.5833333333333
23687,12.5863095238095
23451,12.5892857142857
23408,12.5922619047619
23307,12.5952380952381
23304,12.5982142857143
23755,12.6011904761905
24278,12.6041666666667
25747,12.6071428571429
27698,12.610119047619
30325,12.6130952380952
32614,12.6160714285714
34547,12.6190476190476
35652,12.6220238095238
36463,12.625
36864,12.6279761904762
36803,12.6309523809524
36907,12.6339285714286
36997,12.6369047619048
37106,12.639880952381
37070,12.6428571428571
36651,12.6458333333333
36098,12.6488095238095
35667,12.6517857142857
35487,12.6547619047619
35301,12.6577380952381
35067,12.6607142857143
34928,12.6636904761905
34738,12.6666666666667
35004,12.6696428571429
34748,12.672619047619
34090,12.6755952380952
33476,12.6785714285714
32893,12.6815476190476
32250,12.6845238095238
31997,12.6875
33010,12.6904761904762
33477,12.6934523809524
33064,12.6964285714286
31953,12.6994047619048
30548,12.702380952381
29236,12.7053571428571
27623,12.7083333333333
26063,12.7113095238095
24653,12.7142857142857
23879,12.7172619047619
23508,12.7202380952381
23275,12.7232142857143
22890,12.7261904761905
22462,12.7291666666667
22124,12.7321428571429
22085,12.735119047619
21978,12.7380952380952
21862,12.7410714285714
21954,12.7440476190476
22144,12.7470238095238
22972,12.75
23788,12.7529761904762
25099,12.7559523809524
26677,12.7589285714286
28494,12.7619047619048
29881,12.764880952381
31048,12.7678571428571
31513,12.7708333333333
31841,12.7738095238095
32092,12.7767857142857
31975,12.7797619047619
31740,12.7827380952381
31341,12.7857142857143
30738,12.7886904761905
30108,12.7916666666667
29767,12.7946428571429
29213,12.797619047619
28727,12.8005952380952
28557,12.8035714285714
28425,12.8065476190476
28664,12.8095238095238
29198,12.8125
29768,12.8154761904762
29894,12.8184523809524
29628,12.8214285714286
29120,12.8244047619048
28838,12.827380952381
28936,12.8303571428571
29366,12.8333333333333
29754,12.8363095238095
29309,12.8392857142857
28603,12.8422619047619
27695,12.8452380952381
26749,12.8482142857143
25382,12.8511904761905
24128,12.8541666666667
22914,12.8571428571429
22150,12.860119047619
21808,12.8630952380952
21484,12.8660714285714
21041,12.8690476190476
20569,12.8720238095238
20190,12.875
20191,12.8779761904762
19974,12.8809523809524
19741,12.8839285714286
19896,12.8869047619048
19949,12.889880952381
20062,12.8928571428571
20497,12.8958333333333
21501,12.8988095238095
22349,12.9017857142857
23741,12.9047619047619
24870,12.9077380952381
26044,12.9107142857143
26849,12.9136904761905
27618,12.9166666666667
28421,12.9196428571429
28852,12.922619047619
29139,12.9255952380952
29385,12.9285714285714
29103,12.9315476190476
28291,12.9345238095238
27778,12.9375
27178,12.9404761904762
26837,12.9434523809524
26609,12.9464285714286
26487,12.9494047619048
26507,12.952380952381
26700,12.9553571428571
26824,12.9583333333333
26903,12.9613095238095
26834,12.9642857142857
26646,12.9672619047619
26476,12.9702380952381
26615,12.9732142857143
27940,12.9761904761905
28693,12.9791666666667
28677,12.9821428571429
27946,12.985119047619
27133,12.9880952380952
25996,12.9910714285714
24610,12.9940476190476
23132,12.9970238095238
